time,region,C,D,V,RR,GP,P,TS,W,R
0,2,0.000290352,2.22801E-06,0.000950868,-35.28571429,-34,20.57142857,-27.71428571,-64.14285714,11.85714286
1,2,0.000287399,1.9774E-06,0.000833152,-28.57142857,-20.57142857,-20.71428571,-12.28571429,-27.28571429,7.142857143
2,2,0.000288927,2.47365E-06,0.001068704,-28.71428571,-21,-23.85714286,-11.85714286,-24,3.857142857
3,2,0.000289956,2.47181E-06,0.000613157,-25.85714286,-17.85714286,-20.71428571,-9,-20.14285714,4
4,2,0.000286508,3.46469E-06,0.001436575,-25.57142857,-16,-21.14285714,-8.714285714,-21.42857143,3.714285714
5,2,0.000281325,5.948E-06,0.003691434,-27.85714286,-18.14285714,-39.14285714,-11.42857143,-22.28571429,4.857142857
6,2,0.00026695,6.19207E-06,0.005516122,-19.14285714,-10.85714286,-26.28571429,-5,-20.14285714,3.571428571
7,2,0.000247625,5.93908E-06,0.004784211,-24.28571429,-16,-40.42857143,-15,-19.14285714,6.428571429
8,2,0.000234281,5.18974E-06,0.004237361,-18.85714286,-9.285714286,-22,0.571428571,-17.42857143,3.857142857
9,2,0.000226167,4.9377E-06,0.003441419,-18.85714286,-8.714285714,-23.14285714,-2.571428571,-25.28571429,3.714285714
10,2,0.000208876,4.43777E-06,0.002504916,-17.42857143,-7.428571429,-6.714285714,1.714285714,-16.71428571,2.714285714
11,2,0.000191359,4.18645E-06,0.001993846,-17.28571429,-6.428571429,-11.71428571,4,-16.71428571,2.428571429
12,2,0.000183533,5.42308E-06,0.004618834,-13.14285714,-5,2.714285714,7.714285714,-19.85714286,1.142857143
13,2,0.000176704,5.6669E-06,0.006250233,-15.71428571,-5.571428571,5.714285714,5.285714286,-17.28571429,1.428571429
14,2,0.000172361,5.41495E-06,0.007616213,-6,2.285714286,69.14285714,18.42857143,-13.85714286,-1.285714286
15,2,0.000167528,4.42027E-06,0.007882519,-11,-1.142857143,39.57142857,13.14285714,-14.28571429,-1.571428571
16,2,0.000166168,4.41703E-06,0.007544213,-9.714285714,-0.714285714,15.14285714,8.714285714,-14,0
17,2,0.000161836,4.41374E-06,0.005424115,-18.28571429,-8.571428571,56.57142857,-1.285714286,-42.28571429,-2.285714286
18,2,0.0001538,4.16309E-06,0.004583672,-11.57142857,-3.142857143,120.8571429,9.142857143,-39.14285714,-4.571428571
19,2,0.00015245,4.90192E-06,0.005960232,-4.571428571,6.714285714,85,20.57142857,-17.71428571,-6.714285714
20,2,0.000150857,3.41507E-06,0.00649502,-2.285714286,9.428571429,87.42857143,16.71428571,-16.71428571,-6.428571429
21,2,0.000152473,2.67116E-06,0.00582768,-4.142857143,5.428571429,82.85714286,13.42857143,-19.85714286,-5.714285714
22,2,0.00015236,2.17513E-06,0.005213716,-5.571428571,4,79.42857143,11.57142857,-22.71428571,-6.285714286
23,2,0.000162375,4.64293E-06,0.004767385,-7.714285714,1,74,8.714285714,-33.57142857,-6
24,2,0.000194096,5.38002E-06,0.017569492,-9,-0.285714286,73.71428571,8.142857143,-29.28571429,-7.285714286
25,2,0.00024281,6.36308E-06,0.024015861,-11.71428571,-0.571428571,67.14285714,6.428571429,-30.85714286,-8.142857143
26,2,0.000309724,8.82503E-06,0.030501482,-12.71428571,-2.714285714,81.42857143,6.857142857,-33.14285714,-7
27,2,0.000377307,9.06515E-06,0.020557195,-11.57142857,-2,78.42857143,5.714285714,-34.85714286,-6.428571429
28,2,0.000422133,9.79789E-06,0.014127548,-15.71428571,-5.857142857,66.42857143,0.142857143,-42,-5.428571429
29,2,0.000435374,1.10226E-05,0.016322612,-11.28571429,-2.714285714,65.85714286,3,-34.57142857,-4.714285714
30,2,0.000441211,1.47091E-05,0.015730813,-12.28571429,-3.428571429,63.28571429,4,-34.57142857,-4.714285714
31,2,0.000469697,1.54369E-05,0.013793447,-9.571428571,-2.857142857,67,4.714285714,-34.71428571,-5
32,2,0.000493222,1.93635E-05,0.012717547,-8.142857143,-1,73.71428571,7.142857143,-34.71428571,-4.857142857
33,2,0.000508852,2.30397E-05,0.010659264,-9.714285714,-1,83.71428571,6.142857143,-34.71428571,-5
34,2,0.000515614,2.47444E-05,0.009441974,-1.714285714,4.142857143,74.57142857,12.85714286,-32.85714286,-3
35,2,0.000514249,2.57096E-05,0.008264729,-8.428571429,1,25.42857143,9.857142857,-32,-0.142857143
36,2,0.000528863,2.66738E-05,0.00695368,-7,3.285714286,40.57142857,13.14285714,-30.42857143,-1.142857143
37,2,0.000560903,3.00936E-05,0.006116497,-9.428571429,1.428571429,28.85714286,8.285714286,-29.28571429,1.285714286
38,2,0.0006769,3.4492E-05,0.006198042,-11.42857143,0,23.14285714,6,-26.57142857,1.714285714
39,2,0.000900287,4.30588E-05,0.009123339,-12,1.857142857,21.71428571,6.285714286,-27.14285714,2.857142857
40,2,0.001089321,5.87328E-05,0.017083057,-15,0.857142857,42.71428571,3.714285714,-31.14285714,2.571428571
41,2,0.001135382,6.13883E-05,0.032192012,-16.57142857,0.857142857,24.85714286,4.428571429,-22.85714286,2.714285714
42,2,0.001140676,6.01172E-05,0.027662686,-16.57142857,1.285714286,11.14285714,2.142857143,-21,3.428571429
43,2,0.001143518,5.66413E-05,0.019051363,-19.57142857,-2,4.571428571,-5.857142857,-38.42857143,6
44,2,0.001143662,4.70433E-05,0.014471339,-24.71428571,-7.428571429,-5.857142857,-10.28571429,-34.57142857,6.285714286
45,2,0.001155569,5.21531E-05,0.021358682,-15.42857143,2,-2,4.142857143,-20.42857143,3.428571429
46,2,0.001147862,5.57877E-05,0.019254291,-18.57142857,-0.714285714,-6,2.428571429,-17.28571429,3.428571429
47,2,0.001131113,5.74603E-05,0.016684066,-18.14285714,0,-4,2.714285714,-17.28571429,3.571428571
48,2,0.001048073,5.74183E-05,0.013317525,-20.14285714,-2.571428571,-9,-1.142857143,-17.85714286,4.571428571
49,2,0.000877812,4.97942E-05,0.0130286,-15.28571429,1.857142857,-1.714285714,0.285714286,-15.71428571,3.714285714
50,2,0.000784986,3.85105E-05,0.009278055,-12.71428571,1.571428571,7.285714286,6.285714286,-14.14285714,3.285714286
51,2,0.000519712,3.70159E-05,0.007259018,-3.714285714,14.14285714,-5.285714286,9.714285714,-15.71428571,2.714285714
52,2,0.000397422,1.69545E-05,0.001749201,-33.42857143,-21.85714286,18.14285714,-29.14285714,-70.57142857,11.85714286
53,2,0.000343637,1.84073E-05,0.008846526,-24.71428571,-10.42857143,5.571428571,-7,-31.14285714,6.571428571
0,16,0.00015811,5.87835E-06,0.000618046,-22.71428571,-26.28571429,33.57142857,-27.71428571,-63.14285714,11.85714286
1,16,0.00016205,3.05039E-06,0.000357793,-27.42857143,-19,-18.14285714,-21.85714286,-26.57142857,6.857142857
2,16,0.000161623,5.86756E-06,0.001420182,-27.42857143,-16.57142857,-24.71428571,-14.57142857,-19.57142857,3
3,16,0.000151718,8.16782E-06,0.000878245,-25.28571429,-14.28571429,-17.42857143,-15.57142857,-16.85714286,2.428571429
4,16,0.000150023,2.26835E-06,0.00066961,-24,-14.14285714,-22,-16.14285714,-16.85714286,2.142857143
5,16,0.000140395,2.26599E-06,0.005225384,-25.85714286,-16.28571429,-38.71428571,-18.57142857,-16.85714286,3.285714286
6,16,0.000115431,4.05467E-06,0.007467961,-19.85714286,-11.42857143,-28,-14,-15.42857143,2.857142857
7,16,9.61311E-05,4.56192E-06,0.002778298,-22.57142857,-14.85714286,-38.42857143,-21.85714286,-19.71428571,5.857142857
8,16,9.06625E-05,6.09074E-06,0.003389606,-17.57142857,-8.571428571,-24.57142857,-7.857142857,-12.14285714,2.142857143
9,16,8.67376E-05,5.82897E-06,0.002563752,-15.85714286,-7.428571429,-22.57142857,-11.85714286,-21.42857143,2.428571429
10,16,8.51156E-05,4.29094E-06,0.002758463,-18.57142857,-9,-18.14285714,-9.571428571,-12.71428571,2
11,16,7.60953E-05,4.28648E-06,0.003027645,-13,-6.857142857,-11.42857143,-6.142857143,-17.57142857,1.285714286
12,16,6.32631E-05,2.75164E-06,0.004969648,-12.42857143,-6.142857143,-9.285714286,-4.857142857,-17.14285714,1.142857143
13,16,5.83525E-05,3.25863E-06,0.006584344,-12.57142857,-6,-7.285714286,-5.857142857,-11.85714286,1.142857143
14,16,5.65097E-05,2.23607E-06,0.006446312,-8.714285714,-2,16.42857143,-0.857142857,-11.71428571,-0.285714286
15,16,5.82339E-05,2.23376E-06,0.007086504,-10.57142857,-3.428571429,9.285714286,-1.857142857,-11.57142857,-1
16,16,6.17373E-05,2.48599E-06,0.007200589,-9.571428571,-2.428571429,6.285714286,-0.714285714,-10.28571429,-1
17,16,6.0147E-05,2.48342E-06,0.004701984,-11.42857143,-6.571428571,32.57142857,-7.857142857,-40.71428571,-0.142857143
18,16,5.85578E-05,1.71799E-06,0.004670154,-10.28571429,-3.142857143,74.14285714,0.714285714,-39.14285714,-3
19,16,5.46865E-05,1.97039E-06,0.007305912,-4.285714286,6.714285714,54.85714286,11.14285714,-13,-7.142857143
20,16,5.3614E-05,2.22237E-06,0.008285976,-4.714285714,5.285714286,40.28571429,6.142857143,-14.71428571,-4.857142857
21,16,5.10198E-05,1.71231E-06,0.009338402,-5,4.285714286,43.85714286,4.571428571,-19.71428571,-5.142857143
22,16,5.04597E-05,2.21805E-06,0.009442452,-4.142857143,4.857142857,55.85714286,6.142857143,-23,-6.285714286
23,16,5.16758E-05,2.97663E-06,0.006254596,-4.857142857,4,60.57142857,3.571428571,-33,-6.428571429
24,16,5.31421E-05,2.21305E-06,0.010990671,-6,4.571428571,60,6,-27.71428571,-7.857142857
25,16,6.42366E-05,2.71753E-06,0.017543427,-7.571428571,4.285714286,53.85714286,3,-29.71428571,-8
26,16,7.07545E-05,3.47442E-06,0.019881925,-7.714285714,1.142857143,47.42857143,0.428571429,-32.14285714,-5.857142857
27,16,8.38429E-05,4.48324E-06,0.017640783,-7.285714286,1.571428571,55.57142857,1,-33.85714286,-6.571428571
28,16,8.98279E-05,4.22567E-06,0.012009264,-8.142857143,0.857142857,57.57142857,-0.857142857,-38.14285714,-5.571428571
29,16,8.79642E-05,4.72696E-06,0.014115158,-6.285714286,0.142857143,54,-1.857142857,-33,-4.714285714
30,16,8.71173E-05,4.21673E-06,0.012534419,-6.857142857,0.285714286,53.85714286,-2,-33.14285714,-5
31,16,8.52598E-05,4.71756E-06,0.011798417,-2.857142857,1.571428571,64.42857143,0,-33.57142857,-5
32,16,8.31527E-05,3.19802E-06,0.010192849,-2.714285714,3.285714286,59,0.857142857,-33.28571429,-4.428571429
33,16,8.30674E-05,2.94242E-06,0.007982667,-3.142857143,4.142857143,51.14285714,0.142857143,-33.28571429,-4.285714286
34,16,8.32329E-05,3.94812E-06,0.005923603,2.714285714,8.142857143,55.85714286,5.714285714,-36,-2.714285714
35,16,8.41575E-05,3.94412E-06,0.006331231,-6.714285714,4.142857143,2.857142857,-0.857142857,-30.57142857,-0.857142857
36,16,8.75983E-05,1.92462E-06,0.004899061,-7.142857143,3.714285714,16.14285714,1.285714286,-29.57142857,-1.571428571
37,16,9.2293E-05,3.93708E-06,0.00459717,-6.285714286,1,7.428571429,-0.571428571,-27.42857143,-0.142857143
38,16,0.000103524,4.93976E-06,0.003109095,-9.571428571,0.285714286,6.142857143,-2,-22.71428571,0.571428571
39,16,0.00012656,8.20481E-06,0.003066926,-8.857142857,0.285714286,10,-2.285714286,-21,0.285714286
40,16,0.000174702,1.22191E-05,0.024607731,-13.85714286,0.285714286,20.42857143,-1.571428571,-19.42857143,0.857142857
41,16,0.000220008,1.67298E-05,0.043068037,-22.85714286,-2.714285714,1.428571429,-6.714285714,-19,2.142857143
42,16,0.000291867,1.64616E-05,0.039591705,-21.14285714,-1.857142857,0.428571429,-7,-17.71428571,2.285714286
43,16,0.000323451,1.66959E-05,0.03444103,-24.28571429,-4.857142857,-4.142857143,-14,-32.42857143,4.857142857
44,16,0.000416708,1.71806E-05,0.027995281,-28.14285714,-10.85714286,-21.85714286,-17.42857143,-28.42857143,5.142857143
45,16,0.000464431,1.13952E-05,0.030026265,-20,-3.285714286,-16.85714286,-9,-15.28571429,2.714285714
46,16,0.000444409,1.73992E-05,0.024377981,-20.42857143,-5.285714286,-19.28571429,-11.71428571,-15.85714286,2.857142857
47,16,0.000421911,1.51268E-05,0.015420297,-21.14285714,-6.571428571,-24.42857143,-14.71428571,-16,3.142857143
48,16,0.000362889,1.21067E-05,0.032710876,-20.71428571,-8.571428571,-25.85714286,-15.28571429,-15.42857143,3.714285714
49,16,0.000284937,9.34143E-06,0.015206952,-15.28571429,-5.571428571,-21.85714286,-13.28571429,-13.28571429,2.857142857
50,16,0.000162827,9.33185E-06,0.005604234,-12.14285714,-5.142857143,-16.57142857,-10.85714286,-12.28571429,2.428571429
51,16,0.000155163,8.82243E-06,0.003569577,-3.142857143,5,-17.14285714,-6.285714286,-16.57142857,2.285714286
52,16,0.000157255,9.31324E-06,0.000571818,-23.85714286,-23.42857143,23.14285714,-37.14285714,-69.28571429,11.85714286
53,16,0.000174079,9.05403E-06,0.004138547,-21,-14.85714286,-1.857142857,-21.28571429,-30,6.428571429
0,23,0.000225619,1.83807E-05,0.001392175,-25.57142857,-22,15.71428571,-27.57142857,-64.28571429,11.85714286
1,23,0.000235236,1.92412E-05,0.000440283,-23.71428571,-10.85714286,-12.28571429,-17,-24.14285714,6.428571429
2,23,0.000240974,2.32624E-05,0.001137256,-28.28571429,-12.57142857,-18.28571429,-14.57142857,-21.85714286,4.857142857
3,23,0.000235116,2.41171E-05,0.002635251,-19,-5.142857143,0.857142857,-9,-15.71428571,2.571428571
4,23,0.00022207,2.23381E-05,0.001996628,-15.28571429,-1.857142857,5.142857143,-7.428571429,-14.42857143,1.428571429
5,23,0.000215885,2.03864E-05,0.004957108,-21.28571429,-6,-20.71428571,-7.714285714,-16.57142857,3.285714286
6,23,0.000201995,1.98401E-05,0.005325605,-20.85714286,-4.285714286,-18.71428571,-8,-16.85714286,4.571428571
7,23,0.000190053,1.89442E-05,0.003886192,-17.14285714,-3.857142857,-24.42857143,-12.71428571,-18.14285714,5.571428571
8,23,0.000178478,1.7349E-05,0.003643247,-11.71428571,2.857142857,-5.571428571,-2.285714286,-10.28571429,1.428571429
9,23,0.000161321,1.64565E-05,0.003225087,-10.57142857,2.857142857,-8.285714286,-3.857142857,-19.71428571,2.142857143
10,23,0.000149613,1.52153E-05,0.000887751,-11.57142857,4.571428571,5.285714286,0.714285714,-10,1.285714286
11,23,0.000144043,1.43258E-05,0.001952796,-12.42857143,1.142857143,-9.285714286,-2.142857143,-16.42857143,1.857142857
12,23,0.000131489,1.36124E-05,0.00532919,-10.42857143,4.428571429,9.857142857,2.571428571,-12.42857143,0.285714286
13,23,0.00012734,1.4123E-05,0.007196988,-10.28571429,4.571428571,13.71428571,3.142857143,-9.714285714,-0.285714286
14,23,0.000123022,1.42835E-05,0.010460047,-9.285714286,6.571428571,-1,2.714285714,-10.28571429,0.285714286
15,23,0.000119934,1.35713E-05,0.008965233,-7.571428571,7,14,5.714285714,-9.428571429,-0.285714286
16,23,0.000121908,1.37323E-05,0.007745652,-6.285714286,8.285714286,21.85714286,10.42857143,-8.714285714,-1.714285714
17,23,0.000114987,1.40674E-05,0.001621228,-7.285714286,3.142857143,53.85714286,4,-39.14285714,-0.714285714
18,23,0.000110691,1.38792E-05,0.008223422,-13.28571429,-1,19.42857143,-1.857142857,-32,1.428571429
19,23,0.000108838,1.33428E-05,0.008064244,-2,14.28571429,47,14.14285714,-7,-2.571428571
20,23,0.000110647,1.3852E-05,0.006768936,-0.857142857,14.14285714,41.14285714,12,-12.14285714,-2
21,23,0.0001128,1.38383E-05,0.005948,0.142857143,13.85714286,44.14285714,11.85714286,-14.71428571,-2
22,23,0.000114428,1.36507E-05,0.019952248,-0.714285714,13.14285714,33.85714286,10.14285714,-16,-1.142857143
23,23,0.000122659,1.36373E-05,0.003034228,0.142857143,13,47.85714286,12.14285714,-25.71428571,-2.142857143
24,23,0.000140088,1.70991E-05,0.003031407,-2.285714286,10.85714286,39.28571429,11,-20,-2.571428571
25,23,0.000205599,2.21187E-05,0.013257489,-3,9.714285714,26.14285714,9.285714286,-20.85714286,-2.142857143
26,23,0.000252962,2.69576E-05,0.040976986,-4.857142857,8.571428571,22.57142857,7.428571429,-23.14285714,-1.285714286
27,23,0.000265032,2.77986E-05,0.028115512,-3.142857143,11,33,8.428571429,-24.57142857,-1.857142857
28,23,0.000285581,3.15865E-05,0.031231941,-7.428571429,6.857142857,19.14285714,4,-26.14285714,-1
29,23,0.000309047,3.50221E-05,0.024379219,-5,7.857142857,33,5.857142857,-25.57142857,-0.714285714
30,23,0.000312899,3.96652E-05,0.01540385,-5.142857143,8.428571429,26.57142857,5.714285714,-26,-0.428571429
31,23,0.000306359,3.97995E-05,0.010424965,-3.142857143,9.142857143,21.42857143,6.142857143,-27.14285714,0.142857143
32,23,0.000301558,4.01065E-05,0.013688699,0.571428571,11.57142857,24.71428571,9.285714286,-26.85714286,0.857142857
33,23,0.00030178,4.00671E-05,0.009552085,1.285714286,13.14285714,40.14285714,11.85714286,-26.14285714,-0.285714286
34,23,0.000294568,3.98549E-05,0.00913965,3,15.14285714,36.71428571,14.14285714,-25.71428571,-1
35,23,0.0002846,3.94701E-05,0.003016295,3.428571429,14.71428571,36.28571429,15.85714286,-23.57142857,-1
36,23,0.000274991,3.96039E-05,0.008938101,2.857142857,14.71428571,40,17.42857143,-22.28571429,-1.714285714
37,23,0.000266436,3.93926E-05,0.004910486,1.428571429,12.14285714,26,13.14285714,-21.14285714,-0.428571429
38,23,0.00026048,3.90089E-05,0.004256115,3.714285714,13.85714286,24.57142857,14.42857143,-14.57142857,-0.142857143
39,23,0.00026057,3.79357E-05,0.026397837,0,9.714285714,7,8.428571429,-15.14285714,0.857142857
40,23,0.000278589,4.41051E-05,0.002138805,2.142857143,13.57142857,40.42857143,12.28571429,-12.42857143,-0.428571429
41,23,0.000300201,4.73359E-05,0.002136884,1.142857143,12.71428571,41.85714286,12.42857143,-11.85714286,-0.142857143
42,23,0.00031265,4.83228E-05,0.002134556,-1.428571429,10.85714286,18.14285714,8.857142857,-12,1
43,23,0.000340751,5.0858E-05,0.003938379,-3.571428571,9,28.71428571,0.428571429,-32,3.714285714
44,23,0.000383434,5.57982E-05,0.005288338,-9.428571429,5.857142857,17.42857143,1.857142857,-20.57142857,2.142857143
45,23,0.000780508,6.67505E-05,0.025608061,-4.571428571,12.57142857,15,6.714285714,-9,1
46,23,0.001051859,7.0467E-05,0.023827645,-6.428571429,9.571428571,9.571428571,5.714285714,-9.428571429,1.714285714
47,23,0.000882796,5.04676E-05,0.011750245,-5.714285714,9.142857143,19.14285714,5.714285714,-9,1.571428571
48,23,0.000840379,4.23474E-05,0.011738859,-5,9,16.42857143,3.857142857,-8.142857143,1.428571429
49,23,0.00085724,2.89178E-05,0.045940168,0.571428571,12.57142857,14.28571429,7.714285714,-5.571428571,0.857142857
50,23,0.000708861,2.56299E-05,0.002591947,1.142857143,11.28571429,2.428571429,8,-5.714285714,1.857142857
51,23,0.000553325,2.44046E-05,0.002589422,12.28571429,24.42857143,8.428571429,15,-10.85714286,1.142857143
52,23,0.000505653,1.59825E-05,0.002587073,-18.28571429,-13.42857143,-7,-25.28571429,-68,11.42857143
53,23,0.000418816,1.16838E-05,0.000413949,-12.71428571,-3.285714286,6.857142857,-4.285714286,-21.85714286,5.428571429
0,24,0.000782543,3.67642E-05,0.000595608,-35.71428571,-32.14285714,-19.71428571,-35.71428571,-62.71428571,15.42857143
1,24,0.000784289,3.85148E-05,0.000418428,-26.42857143,-19.14285714,-11.42857143,-15.71428571,-22.85714286,7
2,24,0.000791981,6.1274E-05,0.001962234,-24.85714286,-17.28571429,-11,-13.71428571,-18.71428571,2.857142857
3,24,0.000786031,6.30246E-05,0.001000015,-26.42857143,-18.42857143,-18.71428571,-14.71428571,-18,4.428571429
4,24,0.000737706,5.77721E-05,0.001256668,-25.42857143,-16,-22.42857143,-10.42857143,-16.85714286,4
5,24,0.00061375,4.55166E-05,0.002796605,-19.42857143,-11.28571429,-8.857142857,-3.857142857,-16.28571429,2.571428571
6,24,0.00047789,3.29111E-05,0.008767269,-16.28571429,-8.857142857,-15.42857143,-5.571428571,-15.28571429,2.857142857
7,24,0.000423957,2.9059E-05,0.002633033,-16.42857143,-10.14285714,-15.85714286,-8.285714286,-15.28571429,5
8,24,0.000382295,3.25606E-05,0.004905104,-15.71428571,-8.714285714,-17,-4.428571429,-12,2.714285714
9,24,0.00034973,3.11599E-05,0.003676427,-11,-4.285714286,-5.857142857,-3.714285714,-21,3
10,24,0.000325919,2.80084E-05,0.00455176,-12.57142857,-6.142857143,-7.285714286,-2.142857143,-11.42857143,1.571428571
11,24,0.000312261,2.7308E-05,0.007568894,-9.714285714,-4.714285714,1,0.857142857,-13.28571429,1.571428571
12,24,0.000303156,2.73078E-05,0.007054147,-10.85714286,-5.428571429,3,1.285714286,-13.57142857,1.285714286
13,24,0.000296493,2.59067E-05,0.003901093,-10.28571429,-4.142857143,15.71428571,2.285714286,-11,0.714285714
14,24,0.000293699,3.01086E-05,0.005184691,-8.142857143,-1.571428571,17,4.857142857,-10.57142857,0.142857143
15,24,0.000287745,2.9058E-05,0.006703904,-9.428571429,-2.571428571,7.428571429,2.714285714,-10.28571429,0.714285714
16,24,0.000281441,2.48563E-05,0.0070512,-7.857142857,-0.714285714,21.28571429,7.142857143,-9.571428571,-0.571428571
17,24,0.000272336,2.4506E-05,0.008287836,-10.28571429,-4.142857143,29.42857143,-0.714285714,-35.28571429,1.142857143
18,24,0.00025797,2.06539E-05,0.006394938,-9.428571429,-3.285714286,55.85714286,5.285714286,-26.57142857,-1.571428571
19,24,0.000242571,1.64527E-05,0.006784977,-8,-0.428571429,17.14285714,5.571428571,-10,-2.428571429
20,24,0.000235567,1.7503E-05,0.006031807,-5.571428571,1.714285714,27.42857143,7.428571429,-11.57142857,-3.714285714
21,24,0.000232065,1.5052E-05,0.006031773,-0.428571429,4.428571429,61.42857143,11.57142857,-15.28571429,-4.714285714
22,24,0.000242567,1.61023E-05,0.006032089,-3.428571429,2.428571429,43.85714286,8.285714286,-18.42857143,-4
23,24,0.000302779,1.50513E-05,0.006933595,-2.285714286,3,53.71428571,8.142857143,-29,-4.714285714
24,24,0.000387517,1.99535E-05,0.01101713,-8.142857143,-0.571428571,39.57142857,5,-25,-4.857142857
25,24,0.00056923,1.96032E-05,0.015135254,-9.714285714,-1.428571429,24.71428571,1.571428571,-27,-3.714285714
26,24,0.000840224,2.80061E-05,0.016424681,-13.42857143,-3,44.57142857,1.714285714,-32,-5.857142857
27,24,0.001072352,3.60588E-05,0.016045754,-13,-2.428571429,48.71428571,0.857142857,-32.71428571,-6.285714286
28,24,0.001216247,4.37614E-05,0.014619962,-12,-3.285714286,49,0.571428571,-33,-5.285714286
29,24,0.001193121,4.97126E-05,0.013654171,-15.42857143,-6,35.85714286,-1.142857143,-32.57142857,-5.857142857
30,24,0.001156012,5.81158E-05,0.018624833,-10.28571429,-2.571428571,48.71428571,2.571428571,-30,-5.142857143
31,24,0.001126245,5.98661E-05,0.016218702,-8.857142857,-2.142857143,46.14285714,3.857142857,-30,-4.714285714
32,24,0.001107682,5.67147E-05,0.019914471,-4.571428571,-0.285714286,49,5.714285714,-29.71428571,-3.714285714
33,24,0.00109017,4.90117E-05,0.01394274,-2.714285714,0.428571429,52.28571429,7.571428571,-28.42857143,-3.857142857
34,24,0.001047087,5.77638E-05,0.011494892,2.285714286,5.571428571,60.42857143,14.42857143,-27.71428571,-4.428571429
35,24,0.000931555,5.91645E-05,0.008364884,-5,1.714285714,40.28571429,10.85714286,-26.71428571,-3.714285714
36,24,0.000866779,5.28621E-05,0.010006528,-4.285714286,3.571428571,31,9.714285714,-25.57142857,-2.285714286
37,24,0.000863623,5.25117E-05,0.006187075,-5.142857143,3,26.85714286,9.142857143,-22.85714286,-1.285714286
38,24,0.000873071,5.32116E-05,0.005856183,-5,3.714285714,26.14285714,10.28571429,-17.71428571,-1.142857143
39,24,0.000944124,5.60115E-05,0.00636125,-5.571428571,2.857142857,18,8,-16.14285714,-0.142857143
40,24,0.001041464,5.49616E-05,0.006830123,-6.571428571,2.285714286,9.285714286,7.428571429,-14.57142857,0.571428571
41,24,0.001246623,5.46112E-05,0.009699939,-3.857142857,5.857142857,24,11.71428571,-13.71428571,-0.142857143
42,24,0.001485741,6.40638E-05,0.010770869,-8,1.857142857,9,4.714285714,-13.57142857,1.571428571
43,24,0.001714003,7.17658E-05,0.004982118,-14.57142857,-3,-13,-7.285714286,-32.42857143,6
44,24,0.001780146,7.28149E-05,0.011356016,-20.42857143,-5.857142857,-11.71428571,-9.857142857,-25.71428571,5.714285714
45,24,0.001748293,7.4916E-05,0.015467023,-16.42857143,0.571428571,-11.14285714,-1.571428571,-14.85714286,3.142857143
46,24,0.001729028,7.9817E-05,0.018819545,-18.42857143,-1,-11.57142857,-3,-15.71428571,3.857142857
47,24,0.00177068,8.33176E-05,0.01324893,-19,-1.428571429,-12.71428571,-3.857142857,-15.28571429,4.142857143
48,24,0.001816534,8.54178E-05,0.013852784,-18.28571429,-2.857142857,-13,-5.714285714,-14.28571429,4.142857143
49,24,0.001704491,9.10189E-05,0.01105749,-14,0.571428571,-16.28571429,-2.571428571,-9.857142857,3
50,24,0.001544815,9.06673E-05,0.005581688,-9.857142857,1.428571429,-13,0,-8,2.142857143
51,24,0.001195076,8.89173E-05,0.00135575,2.142857143,17,0,6.714285714,-10.85714286,1.285714286
52,24,0.000817312,8.78665E-05,0.001355743,-25,-16,38.42857143,-27.42857143,-68.28571429,12.28571429
53,24,0.000618102,6.54597E-05,0.003313134,-22.14285714,-10.85714286,-5.428571429,-13.71428571,-23.85714286,6.428571429
0,36,0.001186333,3.08078E-05,0.00068964,-32.71428571,-26,15.71428571,-30.57142857,-63.57142857,13.42857143
1,36,0.001189438,3.60146E-05,0.00060466,-31.14285714,-16.57142857,-7.285714286,-18.28571429,-27.14285714,6.714285714
2,36,0.001177776,4.25225E-05,0.001210649,-33.14285714,-18.85714286,-14.85714286,-19.71428571,-22.57142857,3.857142857
3,36,0.001167424,5.16337E-05,0.003554358,-29.85714286,-14.28571429,-11.42857143,-15.14285714,-20.28571429,3.714285714
4,36,0.001129754,3.29841E-05,0.007301088,-29.85714286,-11.14285714,-11.71428571,-16.42857143,-19.57142857,3.428571429
5,36,0.001111146,5.2506E-05,0.008762884,-30.42857143,-11.14285714,-18.85714286,-14,-19.42857143,3.571428571
6,36,0.001070436,3.99287E-05,0.007675359,-24.71428571,-7.571428571,-6.142857143,-9.571428571,-19,3.428571429
7,36,0.000945973,2.43131E-05,0.005947424,-23.71428571,-8.142857143,-8.857142857,-14,-18.57142857,5.428571429
8,36,0.000878344,3.47261E-05,0.007766734,-20,-2.142857143,4.285714286,-2.714285714,-15.42857143,2.428571429
9,36,0.000788597,4.90447E-05,0.003195842,-19,-2.428571429,-3.571428571,-7,-24,3.428571429
10,36,0.000673221,6.72681E-05,0.002471028,-22.42857143,-4.285714286,0.142857143,-5.285714286,-15,2.571428571
11,36,0.00063117,5.20866E-05,0.006043508,-19.28571429,-0.428571429,6.142857143,-0.571428571,-16.28571429,1.857142857
12,36,0.00062384,3.51689E-05,0.004650258,-15.57142857,0.571428571,20,3.428571429,-18.28571429,0.428571429
13,36,0.000599126,1.30425E-05,0.010739916,-18.71428571,-0.714285714,15.14285714,2,-13,0.714285714
14,36,0.000559238,2.30225E-05,0.010373379,-12.28571429,5.428571429,40.42857143,9.857142857,-12.42857143,-2.142857143
15,36,0.000525437,2.56275E-05,0.00802828,-15.57142857,3,19.57142857,6.285714286,-13,-0.714285714
16,36,0.000495074,2.56283E-05,0.007192067,-15,5.428571429,23.14285714,6.714285714,-12.85714286,-0.714285714
17,36,0.000450854,2.77997E-05,0.005233321,-18.71428571,-0.571428571,39.14285714,-0.285714286,-43.71428571,-0.857142857
18,36,0.000404431,2.04238E-05,0.004872508,-17.57142857,0.428571429,38.14285714,0.857142857,-31.42857143,0.285714286
19,36,0.000420073,2.86696E-05,0.007362268,-7,11.71428571,60.71428571,15.42857143,-13.28571429,-4.285714286
20,36,0.000444845,3.4313E-05,0.007872578,-5.857142857,14.14285714,66.42857143,13.57142857,-16.57142857,-4.571428571
21,36,0.0004327,4.51632E-05,0.008693542,-8.428571429,12.57142857,46.28571429,12.42857143,-20.14285714,-3.285714286
22,36,0.000440967,3.51841E-05,0.006821811,-9.857142857,11.57142857,43,12,-21.85714286,-2.285714286
23,36,0.000525632,1.56571E-05,0.004415768,-9,12.57142857,64.71428571,14.14285714,-32,-4.571428571
24,36,0.000634575,1.95632E-05,0.009067051,-12.71428571,10.71428571,71.85714286,13.14285714,-27.28571429,-6.428571429
25,36,0.000855949,2.26023E-05,0.018368243,-14.28571429,9.428571429,64.42857143,12.42857143,-28.14285714,-6
26,36,0.001149838,2.04339E-05,0.018949947,-16,6.285714286,64.14285714,12.42857143,-30,-4.428571429
27,36,0.00133651,5.21183E-05,0.014826683,-17,6.428571429,70.14285714,11.71428571,-31.85714286,-5.571428571
28,36,0.001429026,2.78148E-05,0.014762311,-18.57142857,5.142857143,61.71428571,10.85714286,-32.57142857,-4.428571429
29,36,0.001452555,2.82508E-05,0.012545586,-17.28571429,4.571428571,66,10,-32.28571429,-4.285714286
30,36,0.001464327,2.52132E-05,0.010383626,-16.85714286,5.428571429,65.85714286,11.14285714,-32.28571429,-4
31,36,0.001428827,2.86877E-05,0.013517372,-16,5.714285714,64.57142857,10.28571429,-33.28571429,-3.857142857
32,36,0.001418025,4.2579E-05,0.012240434,-13.71428571,7.857142857,69.57142857,13.28571429,-33,-3.714285714
33,36,0.001412886,8.16494E-05,0.007206005,-13.14285714,6.857142857,66.28571429,11.14285714,-32.42857143,-3
34,36,0.001412545,6.08173E-05,0.010689727,-7,13.14285714,74.85714286,18.42857143,-30.71428571,-2.571428571
35,36,0.001412159,4.64938E-05,0.010219123,-9,11.14285714,57.85714286,16.28571429,-29.42857143,-1.428571429
36,36,0.001440447,6.12563E-05,0.008106745,-9.142857143,12.14285714,87,22.42857143,-28.42857143,-2.428571429
37,36,0.00151478,4.64996E-05,0.004306424,-15,7.142857143,21.71428571,8.714285714,-27.28571429,1.714285714
38,36,0.001690226,1.22035E-05,0.009022203,-13.28571429,9,37.28571429,10.71428571,-22.85714286,1.285714286
39,36,0.001812308,3.60828E-05,0.007594707,-14.57142857,7.714285714,39,9.285714286,-22.71428571,1.571428571
40,36,0.001958739,4.21638E-05,0.018357382,-18.71428571,6.285714286,44.57142857,5.714285714,-26.85714286,3.428571429
41,36,0.002101654,6.47423E-05,0.030265068,-21.42857143,5.428571429,41.85714286,2.428571429,-30.14285714,4.857142857
42,36,0.002278068,4.7813E-05,0.032453319,-29.14285714,1,27.14285714,-4,-32.71428571,5.857142857
43,36,0.002424044,5.60643E-05,0.024455056,-37.28571429,-2.428571429,35.71428571,-9.428571429,-43.14285714,8
44,36,0.002398546,9.86198E-05,0.016293966,-36.28571429,-5.285714286,17.85714286,-8.571428571,-34.14285714,6.428571429
45,36,0.002291878,8.82044E-05,0.021678892,-23.14285714,2.714285714,17.85714286,0.714285714,-20.28571429,3.428571429
46,36,0.002267644,8.03916E-05,0.024965178,-22.28571429,1.714285714,18,1.428571429,-19.14285714,3.428571429
47,36,0.002277309,0.000113832,0.019611322,-21,2.428571429,18.28571429,3,-17.57142857,3.142857143
48,36,0.002168459,0.000127301,0.013083941,-19.71428571,3,20,3.285714286,-16.57142857,3.285714286
49,36,0.001739913,0.000124701,0.011114539,-15.71428571,5.142857143,17.28571429,5.142857143,-15,2.714285714
50,36,0.001394315,0.000109073,0.008285781,-13.28571429,5.428571429,19.14285714,4.571428571,-14.85714286,3.142857143
51,36,0.001065666,7.69423E-05,0.005339794,-2.714285714,17.57142857,28.14285714,12.85714286,-20.14285714,3
52,36,0.000649625,5.87043E-05,0.001258292,-28,-14.28571429,37.14285714,-22.57142857,-68.85714286,12.42857143
53,36,0.000648826,3.91647E-05,0.005750649,-25.57142857,-7.714285714,16.57142857,-5,-27.85714286,6.285714286
0,52,0.00101778,3.48567E-05,6.09368E-05,-30.71428571,-25.71428571,30.28571429,-33.57142857,-64.42857143,14
1,52,0.00103216,3.29948E-05,0.000428666,-28.85714286,-19.85714286,-18.28571429,-24.57142857,-28.57142857,8.142857143
2,52,0.001078707,3.55434E-05,0.001664573,-30.28571429,-20.28571429,-34.28571429,-22.85714286,-22.71428571,5.142857143
3,52,0.001063192,3.33652E-05,0.002369732,-26,-16.14285714,-25.42857143,-18.14285714,-19.57142857,4.142857143
4,52,0.001046713,2.86607E-05,0.001206396,-25.71428571,-15.28571429,-28.85714286,-17,-16.71428571,3.714285714
5,52,0.001024857,2.83688E-05,0.009670925,-27.28571429,-17.28571429,-41,-17.57142857,-18.14285714,4.571428571
6,52,0.000950549,2.42876E-05,0.008530609,-24.14285714,-13.14285714,-30.42857143,-5,-15.71428571,4
7,52,0.000901741,2.58867E-05,0.003199927,-23.71428571,-13.57142857,-41.57142857,-15,-15.14285714,7
8,52,0.000868039,2.93836E-05,0.007878876,-19.71428571,-7.714285714,-26.14285714,-1.571428571,-12,3.142857143
9,52,0.000851366,2.90916E-05,0.002543288,-17.14285714,-4.714285714,-26.85714286,-7.285714286,-21.42857143,4.142857143
10,52,0.000797989,2.97479E-05,0.001280466,-21,-9.142857143,-21.71428571,-7.142857143,-11.85714286,3.285714286
11,52,0.000759099,2.75578E-05,0.001281517,-16,-3.571428571,-19.57142857,-3.428571429,-15.85714286,2.714285714
12,52,0.000656864,2.28331E-05,0.009465017,-16.14285714,-3.285714286,-15.28571429,-1.142857143,-14.14285714,2
13,52,0.000572551,2.03189E-05,0.007523698,-17,-3.285714286,-16.85714286,-2.428571429,-10.57142857,2.285714286
14,52,0.000501753,2.47701E-05,0.011496817,-8.285714286,3.857142857,20.14285714,7.857142857,-9,-0.714285714
15,52,0.000454634,2.89099E-05,0.010143379,-12,1.428571429,-1,4.714285714,-9,-0.857142857
16,52,0.000412857,2.79829E-05,0.007940939,-13.28571429,0,-14.57142857,0.285714286,-8.857142857,-0.428571429
17,52,0.000301553,2.92742E-05,0.004747844,-17.28571429,-6.428571429,4.571428571,-10.28571429,-42.57142857,1.428571429
18,52,0.000282448,3.31055E-05,0.004162267,-13.85714286,-4.142857143,17,-3,-30.28571429,-1.571428571
19,52,0.000319181,3.4085E-05,0.006165307,-3.714285714,10.28571429,52.14285714,13.57142857,-8.142857143,-6.285714286
20,52,0.000334051,3.4113E-05,0.006218015,-4.571428571,10,34.28571429,7.714285714,-11.42857143,-5.571428571
21,52,0.000346397,3.44588E-05,0.008144984,-7.714285714,5.428571429,14.71428571,0.285714286,-15.57142857,-3.428571429
22,52,0.0003845,3.44872E-05,0.004576546,-8.857142857,5.714285714,30.42857143,3.285714286,-17.57142857,-5.142857143
23,52,0.000447765,4.40533E-05,0.007680063,-8.571428571,5.142857143,47.57142857,0.714285714,-29.71428571,-4.857142857
24,52,0.000625927,4.94966E-05,0.012298175,-11.14285714,5,67,1.142857143,-24.14285714,-6.857142857
25,52,0.000794763,5.71739E-05,0.019617666,-13.42857143,3.714285714,42.14285714,-3,-25.42857143,-6.571428571
26,52,0.001049754,6.00859E-05,0.020433475,-13.57142857,2.428571429,37.71428571,-3.714285714,-27.42857143,-5.142857143
27,52,0.001190751,6.23652E-05,0.019418011,-14,2,44.14285714,-3.571428571,-29,-6.571428571
28,52,0.001206696,6.30534E-05,0.01770061,-13.28571429,1.142857143,47.42857143,-3.142857143,-29.57142857,-5.857142857
29,52,0.00121343,6.24681E-05,0.019178446,-12.85714286,-0.571428571,34.42857143,-4.857142857,-29.28571429,-4.142857143
30,52,0.001231332,6.31575E-05,0.0158793,-11,0.428571429,46,-2.714285714,-29.57142857,-4.571428571
31,52,0.001231394,5.39594E-05,0.014378266,-9.571428571,1,46.28571429,-1,-29.57142857,-4.142857143
32,52,0.001189015,5.3685E-05,0.015501616,-5.857142857,1.857142857,67.14285714,3.714285714,-28.42857143,-4.714285714
33,52,0.001017291,5.43679E-05,0.009775816,-1.571428571,6.714285714,85.85714286,12,-28.28571429,-4.142857143
34,52,0.000926794,5.92035E-05,0.010215385,-1.428571429,9.285714286,67.71428571,8.285714286,-26.14285714,-3
35,52,0.00090999,4.6153E-05,0.007659836,-8.428571429,3,18.28571429,1.571428571,-25.85714286,-0.857142857
36,52,0.000977868,6.12141E-05,0.006283123,-8,0.571428571,43.57142857,5.428571429,-24.71428571,-1.857142857
37,52,0.001102749,5.93463E-05,0.004977284,-9.857142857,-0.571428571,15.28571429,0.857142857,-23,0
38,52,0.001246357,6.80335E-05,0.00536636,-9.142857143,-0.714285714,26,3.857142857,-17.71428571,0
39,52,0.001375709,7.19298E-05,0.006237684,-8.285714286,3.428571429,31.28571429,3.285714286,-17,0.285714286
40,52,0.0015094,8.12744E-05,0.012883126,-9.428571429,2.428571429,38.57142857,2.142857143,-16,1.142857143
41,52,0.00164486,7.94201E-05,0.019716859,-11.28571429,0.428571429,10.71428571,-2.428571429,-15.57142857,2.714285714
42,52,0.001769914,9.29443E-05,0.027582895,-17.85714286,-0.142857143,8,-7.857142857,-22.14285714,5.142857143
43,52,0.001821394,8.66102E-05,0.026251439,-26.14285714,-3.714285714,18.14285714,-16.85714286,-36.57142857,8.142857143
44,52,0.001789878,8.82858E-05,0.023705115,-26,-9.714285714,-6.142857143,-16.71428571,-26.85714286,6.428571429
45,52,0.001780459,8.93218E-05,0.023120394,-15.71428571,0.428571429,-2.571428571,-4.571428571,-11.57142857,3.714285714
46,52,0.001728661,8.74703E-05,0.026053379,-15.71428571,-0.428571429,0.142857143,-5.285714286,-11.14285714,3.428571429
47,52,0.00161611,8.27267E-05,0.015024414,-15.28571429,-1.857142857,1,-5.571428571,-10.28571429,3.714285714
48,52,0.001475793,7.92621E-05,0.016104715,-15.42857143,-3.571428571,-0.142857143,-6.142857143,-10,4.142857143
49,52,0.001371959,7.2259E-05,0.011286546,-12.71428571,-0.142857143,-0.428571429,-4.857142857,-8.571428571,3.857142857
50,52,0.00122744,5.75292E-05,0.009353917,-11.71428571,-1.142857143,3.571428571,-3.571428571,-8.714285714,3.857142857
51,52,0.000856974,5.69339E-05,0.006634247,-1.142857143,17.42857143,13,2.142857143,-13.14285714,3.571428571
52,52,0.00054525,5.69815E-05,0.002068392,-20.57142857,-13.85714286,93.14285714,-25,-68.42857143,13
53,52,0.000763635,6.18576E-05,0.006581936,-20.14285714,-12,28.42857143,-8.571428571,-24.28571429,7.428571429
0,54,0.000366017,2.04309E-05,0.00013813,-35.85714286,-29.42857143,-40.28571429,-35.57142857,-64.42857143,17.57142857
1,54,0.000349453,2.07866E-05,0.0003172,-25.28571429,-14.71428571,-21.28571429,-14.42857143,-25,8.714285714
2,54,0.000357647,2.1142E-05,0.001260265,-23.71428571,-12.42857143,-10.85714286,-9.142857143,-18,3.714285714
3,54,0.000339292,2.18565E-05,0.002805602,-27.71428571,-15.71428571,-28.42857143,-14.14285714,-16.42857143,6
4,54,0.000334569,2.07764E-05,0.000778565,-20.57142857,-8.714285714,-11.71428571,-4.285714286,-12.14285714,3.571428571
5,54,0.00032268,1.71854E-05,0.005156708,-20.42857143,-8.142857143,-15.28571429,-2.571428571,-13,3.857142857
6,54,0.00030648,1.89762E-05,0.004902594,-15.71428571,-3.714285714,-10.28571429,-0.142857143,-12.28571429,3.714285714
7,54,0.000299978,1.89733E-05,0.005329059,-16.14285714,-4.857142857,-22.85714286,-6.428571429,-11.57142857,5.857142857
8,54,0.000276251,1.93288E-05,0.005030118,-15.28571429,-2.571428571,-19,0.857142857,-8.714285714,3.285714286
9,54,0.00025505,1.64565E-05,0.003285104,-11,1.142857143,-10.57142857,2.571428571,-17.71428571,3.857142857
10,54,0.000241376,1.32259E-05,0.002368236,-14.28571429,-1.428571429,-12.85714286,2.571428571,-7.571428571,2.714285714
11,54,0.000237397,1.42999E-05,0.001643469,-10.85714286,0.428571429,-5.428571429,8.285714286,-11.57142857,2.428571429
12,54,0.000209026,1.35802E-05,0.00392666,-11.71428571,0.428571429,-4,8.857142857,-10.42857143,2.285714286
13,54,0.000196085,1.25023E-05,0.00712865,-11.42857143,2.285714286,2.857142857,8.857142857,-6.857142857,1.857142857
14,54,0.000201078,1.03494E-05,0.011562863,-5.571428571,7,21.57142857,14.85714286,-6.285714286,0.571428571
15,54,0.000191719,9.63051E-06,0.009027841,-9.285714286,4.142857143,3.285714286,10.85714286,-6.285714286,1.285714286
16,54,0.000184883,9.62919E-06,0.011469747,-6.857142857,7,42.57142857,18,-4.857142857,-0.857142857
17,54,0.000185565,9.26898E-06,0.007068378,-9.285714286,4.571428571,61.14285714,8.428571429,-33.57142857,0.285714286
18,54,0.000172996,1.0343E-05,0.006757607,-10,4.857142857,85,15,-24.71428571,-2
19,54,0.00017583,9.6243E-06,0.009560843,-6.142857143,9.142857143,55.85714286,19.85714286,-5.571428571,-4
20,54,0.000181541,1.06981E-05,0.008237735,-3.857142857,13.42857143,73.14285714,18.28571429,-7,-3.857142857
21,54,0.000194048,1.17711E-05,0.006608143,-2.285714286,14.28571429,85.42857143,20.42857143,-8.285714286,-4.857142857
22,54,0.000220178,1.2486E-05,0.007254928,-3.142857143,11.57142857,64,17,-12.42857143,-3.428571429
23,54,0.000249515,1.35586E-05,0.008784246,-4.571428571,10.71428571,77.28571429,14.28571429,-25.57142857,-3.857142857
24,54,0.00036985,1.82138E-05,0.012884735,-9.857142857,4.285714286,36.71428571,8.714285714,-21.71428571,-1.571428571
25,54,0.000413844,2.00017E-05,0.014643229,-9.571428571,5.142857143,50.14285714,9.714285714,-23,-1.714285714
26,54,0.000447447,2.07148E-05,0.020919463,-12.42857143,3.571428571,69.28571429,11,-28,-4.428571429
27,54,0.000466722,2.17863E-05,0.008957774,-10.14285714,3.428571429,65.71428571,10.85714286,-28.85714286,-4.142857143
28,54,0.000478101,2.14244E-05,0.006995178,-8.142857143,3,64.85714286,10.57142857,-28.85714286,-3.142857143
29,54,0.000515273,2.53603E-05,0.00894862,-11.14285714,0.571428571,68.14285714,9.714285714,-28.14285714,-4.428571429
30,54,0.000497997,2.49979E-05,0.009200269,-7,3.285714286,68.57142857,13.14285714,-26.28571429,-4.285714286
31,54,0.000484676,2.49942E-05,0.010416923,-5.428571429,3.285714286,54.14285714,14.14285714,-25.85714286,-2.571428571
32,54,0.000460605,2.64219E-05,0.009387685,-1.285714286,6.285714286,71,18.14285714,-24.85714286,-3.428571429
33,54,0.000446219,2.606E-05,0.008105765,-2.142857143,5.857142857,72.71428571,18.14285714,-23.85714286,-3.857142857
34,54,0.000428601,2.56976E-05,0.005401475,1.571428571,9.428571429,61.28571429,22.85714286,-22.85714286,-3.285714286
35,54,0.000417086,2.74834E-05,0.005659479,-4,7.428571429,57.71428571,20.57142857,-21,-3.428571429
36,54,0.000422738,2.6405E-05,0.004623806,-2.142857143,9.142857143,32,18.57142857,-19.85714286,-1.142857143
37,54,0.000417302,2.71165E-05,0.004995604,-4.714285714,6.571428571,24.71428571,17.28571429,-17.28571429,-0.428571429
38,54,0.000420106,2.92595E-05,0.004683579,-6.142857143,4.857142857,15.85714286,13.42857143,-12,0.857142857
39,54,0.000437564,3.14013E-05,0.004680946,-4.857142857,6.571428571,9.285714286,14.14285714,-10.42857143,1.714285714
40,54,0.00048616,3.17545E-05,0.00549389,-4.142857143,8.714285714,25.71428571,16.57142857,-8.428571429,0.857142857
41,54,0.000655291,3.24645E-05,0.019224901,-2.571428571,10.28571429,48.42857143,18.28571429,-7.142857143,0.428571429
42,54,0.000761797,3.17443E-05,0.017430449,-6.142857143,7,11.28571429,10.71428571,-6.571428571,2.714285714
43,54,0.000895444,3.28119E-05,0.026730143,-6.714285714,4.571428571,-7.428571429,3.428571429,-27.14285714,6.428571429
44,54,0.000992238,3.31647E-05,0.024841085,-12.71428571,1.285714286,-5.285714286,1.142857143,-18.71428571,5.571428571
45,54,0.001002442,3.45895E-05,0.025255778,-13.28571429,4.571428571,-1.714285714,7.285714286,-7,3.857142857
46,54,0.000990133,3.56573E-05,0.029487772,-15.28571429,2.571428571,-7.142857143,4.571428571,-8,4.285714286
47,54,0.000988176,3.88694E-05,0.016293876,-16.14285714,2.142857143,-8.428571429,2.857142857,-8.857142857,5
48,54,0.000981593,3.67183E-05,0.023936981,-16.42857143,-0.142857143,-6.142857143,2,-8.428571429,5
49,54,0.000971057,3.34942E-05,0.012919099,-11.14285714,5,-4.857142857,5.857142857,-5,4.285714286
50,54,0.000950881,3.49188E-05,0.012576694,-6.285714286,7,5.857142857,12.28571429,-3,2.857142857
51,54,0.000926791,3.24115E-05,0.006495415,4.285714286,17.85714286,3,15,-7.714285714,2.428571429
52,54,0.000730397,3.06186E-05,0.000775185,-25.28571429,-14.85714286,7.571428571,-24.42857143,-68.42857143,14.14285714
53,54,0.000598408,3.34736E-05,0.010577564,-21.57142857,-7.142857143,0.142857143,-6.285714286,-19.28571429,7.285714286
0,55,0.000943909,2.75723E-05,0.000924488,-33.28571429,-34.42857143,-40.57142857,-32.57142857,-62.28571429,16.42857143
1,55,0.000910196,2.97048E-05,0.000785583,-18.85714286,-16.42857143,-9.285714286,-6.857142857,-19.14285714,6.857142857
2,55,0.000885373,2.81576E-05,0.000746424,-18.57142857,-15.57142857,-12.57142857,-6.142857143,-13.28571429,2.285714286
3,55,0.000725751,1.92384E-05,0.00177107,-21.85714286,-18,-29.71428571,-10.42857143,-13,4.142857143
4,55,0.000636453,1.60985E-05,0.001913559,-14.42857143,-11,-8.428571429,-3.571428571,-10.42857143,2.428571429
5,55,0.000594956,1.98039E-05,0.003363659,-18.28571429,-14,-26.57142857,-7,-12.42857143,3.285714286
6,55,0.000442168,1.71889E-05,0.006360868,-8.714285714,-6,-15.57142857,0.285714286,-10.14285714,2.714285714
7,55,0.000398323,1.56245E-05,0.003618163,-12.14285714,-10.14285714,-32.28571429,-4.285714286,-12.28571429,5.285714286
8,55,0.000372881,1.5641E-05,0.00354598,-8.857142857,-5.142857143,-24.57142857,5,-6.857142857,2.571428571
9,55,0.000325749,1.40733E-05,0.002150331,-6.857142857,-2.285714286,-18.28571429,4.857142857,-15.85714286,3.285714286
10,55,0.000358322,1.40882E-05,0.005009405,-9.571428571,-3.428571429,-15,4,-6.428571429,2
11,55,0.000352886,8.2881E-06,0.004316378,-6.857142857,-2.285714286,-13.42857143,6.857142857,-10.85714286,2
12,55,0.000345326,1.09414E-05,0.007434646,-8,-2.142857143,-13.42857143,7,-10.57142857,2
13,55,0.000253083,1.20114E-05,0.008401938,-8,-0.714285714,-3.857142857,9.142857143,-6.142857143,1.571428571
14,55,0.000248056,6.72939E-06,0.014086769,0.285714286,8.285714286,36.28571429,16.57142857,-5.571428571,0
15,55,0.000259973,9.91504E-06,0.011701388,-1.571428571,6.714285714,10.42857143,13.14285714,-4.857142857,-0.142857143
16,55,0.000236385,8.33506E-06,0.009085315,-0.428571429,8.142857143,41.28571429,19.85714286,-3.714285714,-1.428571429
17,55,0.000195814,4.63209E-06,0.005715303,-3.285714286,7.285714286,60.71428571,12.71428571,-31.85714286,0.571428571
18,55,0.000220429,6.75938E-06,0.005202447,-3,7.714285714,87.42857143,21.28571429,-23,-1.857142857
19,55,0.000236059,8.89007E-06,0.00701242,5.285714286,16.57142857,86.71428571,30.71428571,-3.285714286,-4.857142857
20,55,0.000238965,5.71256E-06,0.007207368,5.714285714,17.57142857,87.85714286,27.85714286,-6.142857143,-4.857142857
21,55,0.000250911,4.65575E-06,0.005925753,6.571428571,15.85714286,95.42857143,28.28571429,-8.285714286,-4.428571429
22,55,0.000271915,5.72415E-06,0.007019429,3.857142857,13.28571429,77.42857143,24.14285714,-10,-3.428571429
23,55,0.000321149,5.73024E-06,0.006376254,4.571428571,14.85714286,96.14285714,25.42857143,-21,-4
24,55,0.000501405,1.37207E-05,0.009295198,-0.142857143,8.571428571,28.85714286,15,-15.71428571,-1.285714286
25,55,0.000845981,1.21376E-05,0.018825906,2.571428571,11.71428571,84.42857143,24.42857143,-15.85714286,-4.571428571
26,55,0.001140471,1.48144E-05,0.018788326,-2.857142857,9.857142857,69.57142857,21,-21.85714286,-4
27,55,0.001257927,2.06951E-05,0.023620037,-3.285714286,9.142857143,47.28571429,17.85714286,-22.42857143,-2.571428571
28,55,0.001344617,1.91169E-05,0.018480083,-1.142857143,11.71428571,72.85714286,21.57142857,-22.42857143,-2.857142857
29,55,0.001411164,2.44744E-05,0.023393392,-4.857142857,7.857142857,61.71428571,17.28571429,-23.57142857,-3.285714286
30,55,0.001458595,2.28986E-05,0.015328892,-1,11.42857143,71.57142857,20.42857143,-22.42857143,-2.571428571
31,55,0.001471908,2.93344E-05,0.019150413,-3,8.571428571,39.28571429,14.14285714,-24.14285714,-0.285714286
32,55,0.001476154,3.73843E-05,0.014056164,0.142857143,13.57142857,84,25,-22.42857143,-2.714285714
33,55,0.001471315,3.15409E-05,0.012474134,-2.428571429,11.57142857,88.57142857,21.57142857,-22.42857143,-3
34,55,0.001473425,3.37152E-05,0.008614693,4.714285714,16.85714286,45,24.71428571,-21.14285714,-0.714285714
35,55,0.001436452,3.74993E-05,0.007255909,-2.571428571,11.71428571,47.28571429,24.71428571,-19.28571429,-1.857142857
36,55,0.001412813,4.12894E-05,0.006094762,0.714285714,12.14285714,31.57142857,24.85714286,-18,-0.428571429
37,55,0.00142288,2.90051E-05,0.004655532,-2.428571429,9.285714286,1.857142857,19,-15.71428571,0.857142857
38,55,0.001390107,2.15288E-05,0.005068813,-3.142857143,8.428571429,12.28571429,19.42857143,-10.57142857,0.142857143
39,55,0.001414671,4.35514E-05,0.005807748,-2.428571429,8.714285714,-1.857142857,16.14285714,-10,1.857142857
40,55,0.001476318,3.2861E-05,0.006602633,-2.571428571,9.428571429,24.14285714,20.57142857,-8.428571429,0.857142857
41,55,0.001531619,3.66563E-05,0.010873619,0.571428571,12.28571429,43.42857143,24.42857143,-6.857142857,0.857142857
42,55,0.001721369,3.34711E-05,0.018470709,-4.285714286,7.571428571,3.857142857,15.14285714,-6.428571429,2.428571429
43,55,0.00207812,3.99598E-05,0.024954593,-7.142857143,6.857142857,-17.28571429,4.285714286,-27.28571429,6.428571429
44,55,0.002226697,4.32309E-05,0.027525187,-16.14285714,0.428571429,-7,4.857142857,-17.85714286,5.714285714
45,55,0.00225278,4.32775E-05,0.028548534,-11,5.571428571,-14,11.14285714,-6.714285714,3.714285714
46,55,0.002251975,5.4096E-05,0.022659577,-13.14285714,2.714285714,-18.85714286,7.285714286,-8,4.142857143
47,55,0.002230152,4.98432E-05,0.019836523,-13.42857143,2.285714286,-17.42857143,5,-10.42857143,5.428571429
48,55,0.002203406,4.50435E-05,0.017423791,-14.71428571,-0.428571429,-17.57142857,3.142857143,-10.71428571,5.714285714
49,55,0.002159963,4.45535E-05,0.014857192,-6.571428571,5.714285714,-10.28571429,8.714285714,-3.142857143,3.428571429
50,55,0.00188216,3.81245E-05,0.012934418,-0.857142857,8.714285714,-0.571428571,14.14285714,0,2.428571429
51,55,0.00142299,4.2486E-05,0.007866517,8.857142857,22.42857143,-11.42857143,15.57142857,-5,2.285714286
52,55,0.001063579,4.2532E-05,0.002390007,-20.71428571,-14.85714286,48,-22.28571429,-65.14285714,12.85714286
53,55,0.0008182,3.98748E-05,0.007752437,-15,-6.857142857,13.57142857,-0.285714286,-17.57142857,6.428571429
0,59,0.000830982,2.81046E-05,0.000266779,-34.71428571,-25,-17.85714286,-30.71428571,-65.14285714,13.57142857
1,59,0.00078897,2.61872E-05,0.000362447,-30.57142857,-14.28571429,-38.14285714,-21,-27.71428571,8.285714286
2,59,0.000811726,2.85371E-05,0.000719085,-28.28571429,-11.71428571,-33.71428571,-14.85714286,-21.14285714,4.285714286
3,59,0.000799959,2.7007E-05,0.000943733,-26.85714286,-8.571428571,-34.14285714,-13,-18.71428571,4.428571429
4,59,0.000772633,2.81942E-05,0.001112322,-24.85714286,-6,-30.71428571,-9.428571429,-18.14285714,3.428571429
5,59,0.000746051,2.78283E-05,0.002649149,-30.14285714,-10.85714286,-47.28571429,-15.42857143,-20,5.428571429
6,59,0.000696491,2.86282E-05,0.004098797,-21.57142857,-3.714285714,-38,-7.142857143,-16.42857143,4.142857143
7,59,0.000619657,2.70957E-05,0.004683604,-25.42857143,-8.285714286,-49.28571429,-16.71428571,-16.71428571,7.428571429
8,59,0.000506146,2.36155E-05,0.006263312,-18.57142857,-0.857142857,-36.14285714,-4.428571429,-13.71428571,3.571428571
9,59,0.000427532,1.93526E-05,0.003122648,-18.14285714,0.428571429,-37.71428571,-5.714285714,-22.57142857,3.714285714
10,59,0.000381917,2.01468E-05,0.001966214,-19.28571429,0.714285714,-31.57142857,-2.857142857,-12.71428571,2.714285714
11,59,0.000349898,1.93842E-05,0.001863404,-16.85714286,1.714285714,-30.28571429,-0.142857143,-17.14285714,2.285714286
12,59,0.000329524,2.09589E-05,0.005505534,-14.42857143,4.714285714,-22.14285714,3.285714286,-14.85714286,1.285714286
13,59,0.000313415,1.78566E-05,0.00697993,-15.28571429,4.714285714,-20.57142857,2.714285714,-12.28571429,1.428571429
14,59,0.000300789,2.06012E-05,0.00980103,-8.714285714,10,-0.142857143,9.142857143,-11.28571429,0
15,59,0.000290504,1.86671E-05,0.009481982,-9.285714286,9.142857143,-5.571428571,9.428571429,-11.14285714,-0.571428571
16,59,0.000288007,2.10245E-05,0.007244992,-12.14285714,6.142857143,-21,5.714285714,-11.28571429,0
17,59,0.000280821,2.72901E-05,0.00316156,-16.42857143,1.142857143,-1.285714286,-1.428571429,-40,-0.142857143
18,59,0.000271672,2.69215E-05,0.005348498,-11.28571429,5.428571429,38.42857143,7.857142857,-30,-4.428571429
19,59,0.000273447,2.18619E-05,0.007003379,-3.428571429,15.42857143,37,17.71428571,-11.71428571,-7
20,59,0.000276023,1.83609E-05,0.00693441,-4.428571429,13.57142857,16.28571429,14.14285714,-13.71428571,-4.857142857
21,59,0.000272336,2.3461E-05,0.005706681,-5.285714286,12,21.71428571,15,-16,-4.142857143
22,59,0.000270992,2.34801E-05,0.006391448,-6.142857143,12.71428571,31.28571429,16.14285714,-18.14285714,-6
23,59,0.000304479,2.23243E-05,0.004182734,-7.428571429,11.42857143,39.42857143,11.85714286,-30.28571429,-6
24,59,0.00039129,2.93925E-05,0.009475373,-10,10,24.28571429,11.42857143,-23.57142857,-6
25,59,0.000631002,2.78492E-05,0.016480748,-11.42857143,11.14285714,30,11,-25.57142857,-7.857142857
26,59,0.000909812,2.94397E-05,0.018535126,-14,7,20.42857143,4.142857143,-29.28571429,-5.571428571
27,59,0.001021514,4.55404E-05,0.015957022,-13.14285714,6.857142857,21,5.714285714,-30.71428571,-5.857142857
28,59,0.001128665,5.49928E-05,0.016084231,-16.42857143,4.285714286,13.71428571,3.142857143,-31.28571429,-4.714285714
29,59,0.001203756,5.62149E-05,0.016774303,-13.14285714,6.285714286,9.428571429,2.428571429,-30.57142857,-3.142857143
30,59,0.001299748,7.5891E-05,0.01575032,-13.57142857,6.428571429,15.71428571,3.714285714,-30.42857143,-3.714285714
31,59,0.001322005,8.34148E-05,0.015088695,-13.28571429,5.857142857,11.57142857,4.428571429,-32,-3.142857143
32,59,0.001320344,7.71966E-05,0.015400103,-11,8.285714286,25.71428571,7.428571429,-31.71428571,-3.571428571
33,59,0.001323387,8.11904E-05,0.013610767,-13.14285714,5.857142857,16.85714286,5.571428571,-31.85714286,-4
34,59,0.001309131,6.78864E-05,0.0127182,-3.142857143,13.85714286,7.285714286,11,-28.28571429,-1.857142857
35,59,0.00127558,6.28275E-05,0.009643101,-10.42857143,9.285714286,-19.71428571,5.428571429,-27,0.571428571
36,59,0.001243155,6.79945E-05,0.008354849,-8.857142857,10.85714286,-7.142857143,6.428571429,-25.57142857,0.142857143
37,59,0.001278046,7.67128E-05,0.005871461,-10,9.857142857,-10.28571429,3.428571429,-24.71428571,2
38,59,0.001335023,7.79572E-05,0.00563599,-11.14285714,8.714285714,-12,3.142857143,-19.71428571,1
39,59,0.001443691,7.88091E-05,0.008170401,-9.428571429,11.14285714,-7.285714286,4.285714286,-17.57142857,1.428571429
40,59,0.001556811,8.47859E-05,0.009196786,-10,11,-3.428571429,4.857142857,-16.42857143,1.428571429
41,59,0.001686273,8.64336E-05,0.012637449,-9.714285714,10.71428571,-12.42857143,5.142857143,-14.85714286,1.857142857
42,59,0.001828897,8.41372E-05,0.023637144,-15.28571429,7,-24.57142857,-1.857142857,-22.71428571,4.571428571
43,59,0.001959067,9.88098E-05,0.025039525,-29.85714286,0.857142857,-28.14285714,-12.14285714,-36.28571429,8.428571429
44,59,0.001973288,0.000109946,0.021656617,-30.42857143,-2.428571429,-34.14285714,-11.85714286,-27.42857143,7
45,59,0.001948064,0.000113197,0.022240194,-15,8.285714286,-27.57142857,-0.142857143,-11.28571429,3.714285714
46,59,0.001939783,8.52321E-05,0.021035355,-16.42857143,6.571428571,-25.28571429,-1.285714286,-11.71428571,3.857142857
47,59,0.001939793,6.59303E-05,0.020472651,-17.14285714,6.142857143,-26.57142857,-1.714285714,-12.42857143,4.428571429
48,59,0.00193543,6.87518E-05,-0.033262673,-19,3.428571429,-29.85714286,-6,-12.71428571,5.142857143
49,59,0.00187057,4.9026E-05,0.006413865,-13.85714286,7.285714286,-28.28571429,-1.428571429,-8.714285714,4
50,59,0.001722088,5.26288E-05,0.003453179,-9.285714286,9.571428571,-23.85714286,2.285714286,-7,2.857142857
51,59,0.001411461,5.386E-05,0.003870623,1,20.57142857,-25.14285714,3.571428571,-9.571428571,2.428571429
52,59,0.00104182,3.21157E-05,0.001084869,-29.14285714,-13.14285714,-12,-29.42857143,-68.85714286,12.14285714
53,59,0.000887691,3.68968E-05,0.002554737,-22.28571429,-3,-15.85714286,-12.14285714,-23.42857143,6.571428571
0,61,0.000654139,2.46065E-05,3.3707E-05,-31.42857143,-32.85714286,-13.42857143,-35.14285714,-65.85714286,13.71428571
1,61,0.000656227,3.10604E-05,6.19205E-05,-25,-19.28571429,-19,-16.42857143,-25.14285714,6.285714286
2,61,0.00065473,3.29704E-05,0.000465539,-28.85714286,-21.14285714,-14.71428571,-15.85714286,-20.42857143,4
3,61,0.00063912,3.7749E-05,0.001784378,-23.28571429,-16.42857143,-12.85714286,-12.14285714,-17,3.285714286
4,61,0.000617299,3.72671E-05,0.001604883,-20.28571429,-13.71428571,-3.857142857,-9.714285714,-15.85714286,2.285714286
5,61,0.000591417,3.51116E-05,0.003692593,-22.14285714,-15.42857143,-19.85714286,-11.28571429,-17,3.285714286
6,61,0.000553586,2.57846E-05,0.00480221,-16.14285714,-11.57142857,-12,-8.714285714,-15.28571429,2.857142857
7,61,0.000510262,1.86104E-05,0.004060903,-15.71428571,-13.14285714,-18,-13.28571429,-17.71428571,5.428571429
8,61,0.000466232,2.45848E-05,0.004546478,-12.71428571,-8,-5.857142857,-4.857142857,-12.57142857,2.571428571
9,61,0.000434629,2.00406E-05,0.00253195,-10.57142857,-8,-7.428571429,-5.571428571,-22.42857143,3.285714286
10,61,0.000407338,2.07556E-05,0.00184906,-13.28571429,-9.285714286,0.857142857,-3,-12.42857143,2.142857143
11,61,0.000400605,2.74458E-05,0.002367521,-11.71428571,-9,-6,-2.714285714,-17,2.285714286
12,61,0.000403433,3.53299E-05,0.004980935,-9.571428571,-8.428571429,11.28571429,-0.857142857,-16.14285714,1.571428571
13,61,0.000401247,3.31757E-05,0.010756673,-10.42857143,-8.142857143,6,-0.285714286,-11.85714286,1.142857143
14,61,0.000399052,2.31354E-05,0.010582341,-5.571428571,-3.857142857,17.71428571,3.142857143,-10.85714286,0.285714286
15,61,0.000396145,2.83902E-05,0.011579184,-3.714285714,-2.428571429,32.28571429,6.428571429,-10.85714286,-0.857142857
16,61,0.000386548,1.62011E-05,0.007934083,-2.857142857,0,34.85714286,7.428571429,-10.42857143,-1.285714286
17,61,0.000364766,1.50048E-05,0.004185349,-7,-6.857142857,56.85714286,-3.142857143,-42.14285714,0.285714286
18,61,0.00034132,1.90652E-05,0.007424999,-11.42857143,-7.714285714,29.85714286,-2.714285714,-30.71428571,1.142857143
19,61,0.000334114,2.83807E-05,0.010407059,0.285714286,3.285714286,44.71428571,13.14285714,-10.57142857,-1.714285714
20,61,0.000315924,2.07331E-05,0.00802849,1.571428571,4.714285714,50.71428571,11.85714286,-11.28571429,-2
21,61,0.000281254,2.00143E-05,0.006526519,1.285714286,3,46.14285714,9.857142857,-15.28571429,-1
22,61,0.000260444,1.64292E-05,0.007376509,0.142857143,1,34.71428571,8.428571429,-16.85714286,-0.285714286
23,61,0.000260657,9.97823E-06,0.007329914,-0.285714286,-0.142857143,46.28571429,9.142857143,-27.85714286,-1.142857143
24,61,0.000289299,1.06941E-05,0.01113844,1.857142857,3.142857143,49.28571429,15.28571429,-20.28571429,-2.285714286
25,61,0.000367366,9.97621E-06,0.021574647,-1,0.571428571,45.28571429,13.28571429,-21.71428571,-2.857142857
26,61,0.000473369,2.09613E-05,0.023434176,-0.857142857,-0.285714286,24.28571429,11.14285714,-24.28571429,-1.142857143
27,61,0.000535176,3.4333E-05,0.030611406,-0.142857143,0.428571429,28,11.71428571,-25.42857143,-1.857142857
28,61,0.00057763,2.74043E-05,0.023000985,-3.571428571,-2.857142857,13.28571429,8.285714286,-27.42857143,-0.857142857
29,61,0.000656858,3.19389E-05,0.024585305,-1.714285714,-2.285714286,23,8.714285714,-26.71428571,-0.714285714
30,61,0.000740838,4.07704E-05,0.020288321,-2.714285714,-2,19.57142857,8,-27.28571429,-0.142857143
31,61,0.000801889,3.74235E-05,0.024674893,-5,-1.285714286,15.28571429,7.571428571,-28.85714286,0.714285714
32,61,0.000812793,4.62539E-05,0.019307553,-1.714285714,0,17.14285714,9.142857143,-28.71428571,0.857142857
33,61,0.000808892,4.43393E-05,0.01430152,-1.571428571,0.428571429,22,8.142857143,-28.28571429,0.428571429
34,61,0.000802134,4.67226E-05,0.010377781,4.285714286,5.285714286,34,15,-26.71428571,-0.714285714
35,61,0.00079226,4.62402E-05,0.008010931,3,4,23.85714286,13.71428571,-25.57142857,-0.571428571
36,61,0.000778097,4.45646E-05,0.006539679,3.285714286,3.714285714,32.42857143,14.42857143,-24.28571429,-1.285714286
37,61,0.000781362,4.52763E-05,0.005994796,2,2.714285714,15.28571429,11.85714286,-21.71428571,-0.142857143
38,61,0.000812314,4.52718E-05,0.00574358,0.714285714,1.428571429,4.142857143,7,-18.28571429,0.857142857
39,61,0.000854956,4.98021E-05,0.006024646,0,0.571428571,2.142857143,4.285714286,-18.14285714,1.285714286
40,61,0.000902135,4.74109E-05,0.005580227,-2.142857143,-0.428571429,4.285714286,3.285714286,-17.57142857,1.857142857
41,61,0.000971723,5.0747E-05,0.00146762,-1.285714286,0.571428571,14.57142857,7,-16.42857143,1
42,61,0.001012434,5.38442E-05,0.002052141,-2.428571429,-0.285714286,7.142857143,2.142857143,-19.28571429,2.285714286
43,61,0.001065309,4.9305E-05,0.016844463,-20.14285714,-8.857142857,-5.428571429,-10.57142857,-37.14285714,6.714285714
44,61,0.001082145,4.61981E-05,0.010335739,-16.71428571,-9.714285714,-7.428571429,-9,-29.85714286,4.571428571
45,61,0.001083001,5.57381E-05,0.008666973,-5,-0.857142857,-6.428571429,0.857142857,-13.57142857,1.857142857
46,61,0.001081453,6.31285E-05,0.008971411,-6.571428571,-3.428571429,-13,-0.142857143,-13,2.285714286
47,61,0.001087549,6.02592E-05,0.008338283,-5.285714286,-2.571428571,-6.857142857,2,-11.71428571,2.285714286
48,61,0.001087202,5.7629E-05,0.008022545,-5.571428571,-3.714285714,-12.14285714,-0.857142857,-11.57142857,2.571428571
49,61,0.001082323,4.64111E-05,0.006227803,-0.857142857,-1.428571429,-12.71428571,0,-9,2
50,61,0.000952935,4.13976E-05,0.005122833,2.714285714,-1.142857143,-11.42857143,1.857142857,-8.857142857,2
51,61,0.000788004,3.99618E-05,0.004418544,10.71428571,8.285714286,-7.142857143,9.428571429,-14.71428571,2.142857143
52,61,0.00051458,3.28022E-05,0.00120284,-20.14285714,-26.42857143,-20,-32.14285714,-69.85714286,13.28571429
53,61,0.000608264,2.73132E-05,0.002297478,-13.71428571,-15,-17.14285714,-11.57142857,-24.85714286,5.714285714
0,63,0.000651172,1.90091E-05,0.001535969,-29.14285714,-18.14285714,22,-33,-63.14285714,13.71428571
1,63,0.000621927,1.93238E-05,0.001317047,-25,-8.571428571,-9.571428571,-13.28571429,-24.28571429,7.857142857
2,63,0.000635163,9.81189E-06,0.000316805,-25.85714286,-7,-21.57142857,-15.71428571,-19.14285714,4.714285714
3,63,0.000619236,1.26633E-05,0.002809041,-22.85714286,-2.285714286,-11.57142857,-13.14285714,-16.85714286,4.285714286
4,63,0.000671454,8.85845E-06,0.004759792,-23.42857143,-1.428571429,-18,-12.42857143,-16.14285714,4.428571429
5,63,0.000666617,1.4245E-05,0.00732596,-24.28571429,-2,-34.42857143,-14.28571429,-17.57142857,5.142857143
6,63,0.000656076,5.36998E-06,0.00865034,-18.57142857,5.714285714,-25,-9.285714286,-15.85714286,4.714285714
7,63,0.000627158,1.88359E-06,0.004973415,-22.28571429,-1.571428571,-41.42857143,-20.14285714,-19,8.428571429
8,63,0.00061092,8.85436E-06,0.003021865,-15.85714286,7.571428571,-24.28571429,-4.285714286,-12.85714286,4.428571429
9,63,0.000574724,1.20217E-05,0.005528996,-14,10.85714286,-23.14285714,-8,-21.14285714,4.857142857
10,63,0.000507169,1.39212E-05,0.007363675,-16.28571429,5.714285714,-16.28571429,-5.714285714,-12.42857143,4.142857143
11,63,0.000447547,1.23354E-05,0.002135478,-15.85714286,10.57142857,-16.14285714,-2.714285714,-16,3.857142857
12,63,0.000441156,1.96199E-05,0.006649403,-14.14285714,11.14285714,-9.428571429,-0.142857143,-14,3
13,63,0.000441101,2.21516E-05,0.009499468,-14.57142857,9.714285714,-4.571428571,-1.285714286,-11.14285714,2.571428571
14,63,0.000434394,3.89364E-05,0.010765273,-5,15.14285714,38.42857143,11.28571429,-10.28571429,-0.285714286
15,63,0.000423572,3.32305E-05,0.008356816,-9.428571429,8.714285714,14.57142857,7.142857143,-10.57142857,-0.571428571
16,63,0.000400716,2.59421E-05,0.01126948,-8.428571429,11.42857143,11.57142857,6.428571429,-9.571428571,0.285714286
17,63,0.000276842,2.7839E-05,0.005061016,-12.57142857,7,40,-3.142857143,-39.42857143,0
18,63,0.000216957,3.38523E-05,0.005123721,-8.714285714,7.857142857,69,7.714285714,-29.57142857,-2.714285714
19,63,0.000264111,3.32148E-05,0.009746141,-1.285714286,19.71428571,58.28571429,17.28571429,-10.28571429,-4.857142857
20,63,0.00019442,3.32106E-05,0.007048844,-2.142857143,19.57142857,51.71428571,13.57142857,-12.28571429,-4.285714286
21,63,0.000165268,3.09903E-05,0.007817328,-3.428571429,14.14285714,44.28571429,12.28571429,-15,-3.714285714
22,63,0.000142136,2.33883E-05,0.00664023,-5.428571429,12.71428571,42.71428571,10.14285714,-17,-2.714285714
23,63,0.000135154,2.43351E-05,0.006006268,-3.714285714,15.14285714,56.71428571,11,-28.28571429,-4.428571429
24,63,0.000221556,2.30659E-05,0.014552358,-6,18.57142857,62.14285714,10.57142857,-22.42857143,-6.142857143
25,63,0.000420942,2.52787E-05,0.017399321,-7.571428571,18,48.28571429,8.428571429,-23.85714286,-5.714285714
26,63,0.000460453,2.33765E-05,0.014277005,-7.285714286,16.28571429,53.71428571,7.714285714,-26.42857143,-5
27,63,0.000569902,2.52726E-05,0.02447699,-6.714285714,17.71428571,54.28571429,8,-27.85714286,-5
28,63,0.000640721,2.62188E-05,0.019606947,-8.428571429,15.85714286,52.14285714,7,-29,-4.428571429
29,63,0.000812474,2.62156E-05,0.018176687,-7.571428571,15.85714286,48.71428571,6.142857143,-27.42857143,-3.285714286
30,63,0.001025332,3.4756E-05,0.020552416,-7.428571429,16.28571429,53.71428571,6.142857143,-27.42857143,-3.428571429
31,63,0.001009068,3.94979E-05,0.019479445,-6,17.71428571,53.71428571,7.428571429,-28,-3.428571429
32,63,0.000983948,3.7911E-05,0.014657107,-4.571428571,19.57142857,51.71428571,8.142857143,-28.42857143,-2.857142857
33,63,0.000962945,4.92957E-05,0.011415948,-5.142857143,18.57142857,46,6.428571429,-27.71428571,-2.285714286
34,63,0.000974531,4.99223E-05,0.011684381,1.142857143,24.71428571,45.71428571,13.57142857,-26,-1.714285714
35,63,0.001019646,5.21304E-05,0.00939932,-4.142857143,19.71428571,11.42857143,8.714285714,-24.57142857,0.571428571
36,63,0.001043559,4.86445E-05,0.007251965,-2.714285714,21.57142857,32.28571429,12.85714286,-23.42857143,-0.571428571
37,63,0.001154133,4.45267E-05,0.005939709,-6.857142857,11,-1,4.714285714,-23.14285714,2.142857143
38,63,0.00130169,4.51537E-05,0.00607339,-6.571428571,14,5.142857143,7.285714286,-18.71428571,2.571428571
39,63,0.001398935,5.40032E-05,0.009911658,-6.857142857,18,8.428571429,5.142857143,-19.42857143,2.714285714
40,63,0.001599887,5.65264E-05,0.013696717,-7.285714286,18.85714286,17.57142857,4.142857143,-21.85714286,3.142857143
41,63,0.002016778,4.48194E-05,0.0200927,-11,15.71428571,-3.285714286,0.571428571,-21.57142857,4.428571429
42,63,0.002715322,5.65132E-05,0.018665745,-15.85714286,10.85714286,-1.428571429,-3.142857143,-25.28571429,6.285714286
43,63,0.003387809,6.1565E-05,0.007483738,-24,1.857142857,-3,-11.71428571,-37.57142857,8.714285714
44,63,0.003857199,5.77635E-05,0.010826173,-24.28571429,-2.714285714,-16.71428571,-12.71428571,-30.85714286,8.285714286
45,63,0.00394682,6.31306E-05,0.013366893,-16.28571429,8.714285714,-16.57142857,-3.571428571,-18.57142857,5.714285714
46,63,0.003221157,6.94452E-05,0.02488584,-16.14285714,8.142857143,-17.28571429,-2.857142857,-15,5
47,63,0.002077114,7.29137E-05,0.01217813,-16.14285714,8.857142857,-18.57142857,-0.428571429,-12.57142857,4.857142857
48,63,0.001784799,7.25885E-05,0.008999397,-15.42857143,10.28571429,-16.71428571,-3,-11.71428571,4.714285714
49,63,0.001484322,5.99372E-05,0.008337086,-12,18.14285714,-16.14285714,-0.857142857,-9.857142857,4.428571429
50,63,0.00125975,4.22315E-05,0.006454985,-10,20,-8.714285714,3.285714286,-9.285714286,4.142857143
51,63,0.000980548,3.84341E-05,0.00154829,-3.714285714,40,-13.28571429,5.857142857,-12.42857143,4.142857143
52,63,0.000524438,3.81133E-05,0.0022591,-26.71428571,-1.428571429,14.14285714,-31.14285714,-67.28571429,13.57142857
53,63,0.000475396,3.21049E-05,0.003048772,-21.42857143,-1,-3.857142857,-11.57142857,-23.42857143,7.857142857
0,66,0.000645977,2.84831E-05,0.001852171,-30.28571429,-29.14285714,-30.14285714,-39.71428571,-64.71428571,15.42857143
1,66,0.00062328,2.84898E-05,0.000661903,-28.14285714,-20.42857143,-30,-25.42857143,-27.57142857,8.857142857
2,66,0.000637418,2.7797E-05,0.000470619,-25,-16.57142857,-21.71428571,-16.57142857,-21.85714286,4
3,66,0.000614011,2.66375E-05,0.002728868,-23.85714286,-15.85714286,-25,-19.71428571,-20.57142857,4.857142857
4,66,0.000559349,2.43115E-05,0.005092874,-19.28571429,-11.42857143,-17.42857143,-15.28571429,-18.28571429,3.142857143
5,66,0.000485538,2.08183E-05,0.008437648,-23.71428571,-16.85714286,-35.85714286,-19.42857143,-20.42857143,4.857142857
6,66,0.000397935,1.96568E-05,0.007444195,-14.14285714,-8.285714286,-22.71428571,-11.42857143,-17.57142857,3.285714286
7,66,0.000331534,1.77949E-05,0.004510829,-18.57142857,-13.85714286,-37,-20.42857143,-17.28571429,7.142857143
8,66,0.00027771,1.77991E-05,0.004735905,-13.57142857,-6.428571429,-22,-9.142857143,-16.42857143,3.571428571
9,66,0.000269136,1.80365E-05,0.0028306,-12,-4.142857143,-21.28571429,-10.85714286,-24.14285714,4
10,66,0.000268737,2.08417E-05,0.000912268,-13.57142857,-4.428571429,-7.571428571,-8.714285714,-14.85714286,2.857142857
11,66,0.000241957,1.99129E-05,0.00359946,-10.14285714,-4.571428571,-10,-5.714285714,-19.28571429,2.571428571
12,66,0.000225205,1.61824E-05,0.005922715,-8.714285714,-2.428571429,-0.714285714,-1.142857143,-16.14285714,1.714285714
13,66,0.000217554,1.38514E-05,0.007302593,-12.14285714,-4.142857143,-5.571428571,-3.857142857,-13.57142857,1.857142857
14,66,0.000208732,2.2728E-05,0.007712493,0.428571429,6,54.28571429,9.285714286,-12.14285714,-1
15,66,0.000188225,2.32003E-05,0.01673257,-4.571428571,1.571428571,21.71428571,3.285714286,-11.85714286,-0.571428571
16,66,0.000182201,2.22717E-05,0.006607304,-6.714285714,0.857142857,11.85714286,2.571428571,-11.71428571,-0.428571429
17,66,0.000177806,1.64371E-05,0.004638514,-9.428571429,-1.571428571,41.85714286,-5.714285714,-38.42857143,0.571428571
18,66,0.000163364,1.6441E-05,0.006357886,-4.285714286,3.428571429,92.42857143,6.285714286,-29.42857143,-3.142857143
19,66,0.000172748,1.66786E-05,0.004645584,-0.285714286,10,68.71428571,12,-12.42857143,-5.714285714
20,66,0.000161807,1.83182E-05,0.004903959,-1.285714286,8.714285714,59.71428571,7.285714286,-14.28571429,-4.857142857
21,66,0.000161377,1.97248E-05,0.004923348,-0.857142857,6.428571429,57.57142857,7,-16.85714286,-3.714285714
22,66,0.000178707,1.92618E-05,0.005888389,-1.714285714,6.285714286,60.42857143,6.714285714,-19.85714286,-4.142857143
23,66,0.000235323,2.13703E-05,0.005580079,-3,5.857142857,67.14285714,4.142857143,-30.14285714,-4.714285714
24,66,0.000298735,2.60511E-05,0.012376615,-4.571428571,2.428571429,46.85714286,2.428571429,-24,-3.142857143
25,66,0.000432781,2.72264E-05,0.016707897,-5.714285714,3.857142857,61.57142857,3.142857143,-25.71428571,-5.142857143
26,66,0.000542555,2.41929E-05,0.013562714,-8,-1.571428571,42.14285714,0.285714286,-29.28571429,-3.142857143
27,66,0.000742641,2.67711E-05,0.018973202,-7.428571429,-0.571428571,44.14285714,-0.285714286,-30.57142857,-2.857142857
28,66,0.000805027,2.63095E-05,0.011061423,-8.714285714,-1.428571429,51,-0.571428571,-31.42857143,-3.571428571
29,66,0.000813177,3.05265E-05,0.011665036,-8.714285714,-2.428571429,37.57142857,-3.285714286,-30.85714286,-2.142857143
30,66,0.000851737,3.66165E-05,0.009437302,-7.285714286,-0.285714286,49.14285714,-1.714285714,-30.57142857,-2.428571429
31,66,0.000855449,3.8263E-05,0.011807643,-5.714285714,-1,36.85714286,-2,-31,-1.571428571
32,66,0.000856119,4.55263E-05,0.009305861,-2.428571429,2,68.28571429,2.714285714,-30.28571429,-3.428571429
33,66,0.000863109,5.1388E-05,0.009919832,-5.142857143,1.142857143,58.42857143,0.428571429,-30.42857143,-3.857142857
34,66,0.000854412,5.35064E-05,0.009097987,3.285714286,6,32.14285714,5.857142857,-28,-1.285714286
35,66,0.000837533,5.70307E-05,0.006815948,-4.571428571,0.857142857,10.28571429,2.285714286,-27.28571429,-0.714285714
36,66,0.000830239,5.96195E-05,0.0059834,-3,4.571428571,9.571428571,3.142857143,-26.42857143,-0.142857143
37,66,0.000838865,6.03361E-05,0.003913565,-2.857142857,3.714285714,7.714285714,1.142857143,-24.85714286,1.142857143
38,66,0.000862247,6.59706E-05,0.003855715,-5,3.142857143,12.85714286,1.285714286,-20.57142857,0.428571429
39,66,0.000882125,7.25438E-05,0.005124126,-4.714285714,1.428571429,6,0.428571429,-20,1.571428571
40,66,0.000923784,6.95157E-05,0.013548847,-4.428571429,2.428571429,18.42857143,1.285714286,-19,1.428571429
41,66,0.000986792,6.06308E-05,0.013552125,-5.571428571,1.714285714,6.142857143,0.142857143,-18.42857143,2
42,66,0.001086128,5.17423E-05,0.03553895,-7.142857143,0.142857143,-7.857142857,-1.428571429,-18.28571429,3.142857143
43,66,0.001187374,4.94115E-05,0.01271787,-17.71428571,-2.428571429,-11.71428571,-12,-35.14285714,7.285714286
44,66,0.001206872,4.73141E-05,0.040865822,-24.28571429,-8,-16.85714286,-15.85714286,-31.28571429,7.571428571
45,66,0.001202236,5.45908E-05,0.037106646,-18.14285714,-2.714285714,-15,-10,-22.57142857,5.285714286
46,66,0.001217288,5.60101E-05,0.037198893,-17.57142857,-4.428571429,-14.14285714,-9.142857143,-19,4.428571429
47,66,0.001165994,5.43819E-05,0.032897022,-16,-2.857142857,-11.57142857,-6.857142857,-16.71428571,4
48,66,0.001115873,5.41608E-05,0.015661291,-18.28571429,-4.714285714,-18.42857143,-9.714285714,-16.28571429,4.857142857
49,66,0.001062911,5.51116E-05,0.003694388,-12.28571429,-0.142857143,-13.14285714,-7,-13.57142857,4
50,66,0.000992812,5.20761E-05,0.003695265,-8,1.285714286,-3.571428571,-0.857142857,-12,2.857142857
51,66,0.000897123,4.62251E-05,0.003695907,2.142857143,10.42857143,-14.28571429,-0.428571429,-17,3
52,66,0.00070992,3.87301E-05,0.003697019,-21.14285714,-17.85714286,5,-32.28571429,-70.28571429,13.14285714
53,66,0.000663629,3.19356E-05,0.00369777,-17.85714286,-7.714285714,1.428571429,-12,-25.42857143,6.428571429
0,74,0.000609792,9.31449E-06,0.000404756,-27.28571429,-29.28571429,-21.57142857,-23.42857143,-63.14285714,13.42857143
1,74,0.000596569,1.74515E-05,0.000812464,-22.28571429,-18,-27.71428571,-8.142857143,-22.85714286,7.714285714
2,74,0.000608917,1.80368E-05,0.001453059,-16.42857143,-12.85714286,-17.57142857,-0.857142857,-13.42857143,2.714285714
3,74,0.000588135,2.03658E-05,0.000776309,-15.14285714,-11.85714286,-17.57142857,-0.857142857,-12.42857143,2.714285714
4,74,0.000564736,1.74643E-05,0.003121026,-13,-10,-14.57142857,-0.142857143,-11,1.857142857
5,74,0.000546268,1.92125E-05,0.00540728,-17.57142857,-13.57142857,-32,-4.571428571,-12.28571429,3.142857143
6,74,0.00052023,1.45657E-05,0.004874539,-7.714285714,-4.428571429,-16.28571429,0.714285714,-8.714285714,1.571428571
7,74,0.000457849,1.34063E-05,0.004932684,-15.57142857,-12.42857143,-36.42857143,-11.85714286,-13.14285714,6.714285714
8,74,0.000382353,1.37002E-05,0.003570715,-8.857142857,-3.285714286,-18.57142857,2.857142857,-7.571428571,2.857142857
9,74,0.000308875,1.39943E-05,0.002911152,-6.571428571,-0.571428571,-16.85714286,1.714285714,-15.57142857,2.714285714
10,74,0.000283645,1.6906E-05,0.002695168,-6.714285714,0.571428571,-6,5.714285714,-6,1.571428571
11,74,0.000282835,1.40012E-05,0.002212947,-5,1.142857143,-4.857142857,8,-9.857142857,1.285714286
12,74,0.000271852,1.40046E-05,0.003864676,-3.285714286,2.714285714,-1,10.57142857,-9.142857143,0.571428571
13,74,0.000251551,1.54627E-05,0.006405233,-7,1.285714286,-3.571428571,8.285714286,-6.428571429,1.142857143
14,74,0.000240839,1.40114E-05,0.007244462,4.571428571,10.14285714,45.42857143,24.14285714,-5.142857143,-2
15,74,0.000233044,1.48878E-05,0.00859096,1.428571429,8.714285714,25.14285714,22.14285714,-4.857142857,-1.714285714
16,74,0.000221744,1.19808E-05,0.00102578,-0.142857143,8.142857143,30.85714286,21.28571429,-4.285714286,-2
17,74,0.000214815,1.19837E-05,0.007601555,-2.857142857,3.571428571,61.85714286,14.14285714,-32.28571429,-1.142857143
18,74,0.000202639,1.3151E-05,0.006444722,0.857142857,7.285714286,90.42857143,28.57142857,-23.71428571,-4.285714286
19,74,0.000190745,1.37363E-05,0.004900224,8.571428571,18.57142857,77.57142857,35.57142857,-5.142857143,-7
20,74,0.00018206,1.43221E-05,0.005323627,7.285714286,17.14285714,79.57142857,28.28571429,-8.571428571,-6.714285714
21,74,0.000178021,1.5199E-05,0.005431452,3.714285714,14.28571429,59.57142857,23.42857143,-13,-4.857142857
22,74,0.00017603,1.34552E-05,0.005850134,4,14.14285714,72.14285714,25,-14.28571429,-5
23,74,0.000184519,6.75882E-06,0.005330119,2.571428571,13.14285714,79.57142857,24.14285714,-26.28571429,-5.714285714
24,74,0.000224469,7.34292E-06,0.010379102,1.285714286,11.14285714,61.14285714,20,-20.42857143,-4.142857143
25,74,0.000345149,1.3172E-05,0.017232867,-0.428571429,9.857142857,75.28571429,22,-22.71428571,-6.714285714
26,74,0.000462074,1.78372E-05,0.015234185,-3,5.857142857,59.57142857,17.71428571,-26.14285714,-5.142857143
27,74,0.000558652,2.45444E-05,0.01543689,-1.285714286,6.857142857,55.57142857,16.85714286,-27.85714286,-3.857142857
28,74,0.000607458,2.54246E-05,0.013063987,-1.428571429,7,65.85714286,21.57142857,-27.85714286,-4.571428571
29,74,0.000663272,2.83455E-05,0.010002254,-1.714285714,5.571428571,53.71428571,15.57142857,-27.57142857,-3
30,74,0.000708623,3.56406E-05,0.021536752,-1.428571429,6.428571429,63.14285714,19.28571429,-27.14285714,-4.142857143
31,74,0.000743197,3.73985E-05,0.011093641,0.571428571,6.142857143,46.71428571,16.14285714,-27.28571429,-2.714285714
32,74,0.000781858,3.79904E-05,0.010762916,3.285714286,9.714285714,71.42857143,23,-26.71428571,-4.285714286
33,74,0.000776218,4.35407E-05,0.011276776,-0.142857143,8,62,21.42857143,-27.28571429,-5.142857143
34,74,0.00077027,4.09258E-05,0.001690185,10.71428571,15.14285714,52,27.42857143,-24.14285714,-1.714285714
35,74,0.000758501,4.32694E-05,0.001690657,1.571428571,9.142857143,32.28571429,23.14285714,-23,-1.428571429
36,74,0.000748762,4.41549E-05,0.009934712,5.428571429,11.28571429,38.85714286,26,-22.28571429,-1
37,74,0.000748349,4.35816E-05,0.02337286,3.142857143,10.14285714,18.85714286,22.28571429,-19.71428571,0.571428571
38,74,0.00077188,4.88448E-05,0.014136653,-0.142857143,7.285714286,18.28571429,20,-15.71428571,0.571428571
39,74,0.000804158,5.38174E-05,0.000568089,1.857142857,8.571428571,16.28571429,19.71428571,-14.57142857,1.285714286
40,74,0.000829167,5.4998E-05,0.000568309,0.285714286,8.857142857,26.42857143,20.71428571,-14,1
41,74,0.000861475,5.76383E-05,0.000568444,0.857142857,10,18.85714286,22.71428571,-13.14285714,1.428571429
42,74,0.000929694,6.02792E-05,0.030590539,-0.142857143,8.428571429,-12.14285714,17.42857143,-13.14285714,2.571428571
43,74,0.001066572,5.971E-05,0.020548203,-9.571428571,3,-17.71428571,5.857142857,-31.42857143,6.285714286
44,74,0.00116143,6.05999E-05,0.031212459,-16,-4,-22.71428571,-1.857142857,-31.28571429,7.714285714
45,74,0.001209904,6.09067E-05,0.020716677,-7.571428571,3,-22.85714286,10.57142857,-15.85714286,3.857142857
46,74,0.001280878,6.09212E-05,0.010204482,-6.571428571,2.571428571,-20.85714286,9.571428571,-10.85714286,3.142857143
47,74,0.001338135,6.18117E-05,0.001138205,-6.142857143,2.714285714,-17,10.57142857,-11,3.571428571
48,74,0.001305451,6.06582E-05,0.001138303,-8,1,-25.14285714,7.714285714,-11.42857143,4
49,74,0.001267486,5.97961E-05,0.017799256,-1.571428571,4.571428571,-19,9.857142857,-7.571428571,3
50,74,0.001193551,5.83488E-05,0.021807144,3.714285714,7.571428571,-12.14285714,19.28571429,-5.857142857,1.714285714
51,74,0.001048594,5.71941E-05,0.004201774,15.42857143,18,-16.57142857,21.28571429,-10,1.714285714
52,74,0.000860302,5.54535E-05,0.002789107,-16.71428571,-16.42857143,-4.571428571,-15.71428571,-68,12
53,74,0.000540711,4.08507E-05,0.002790196,-10.85714286,-6.428571429,-8.571428571,4.857142857,-21.85714286,5.857142857
0,77,0.002553387,4.05028E-05,0.003825137,-40.71428571,-34,-10.57142857,-44.57142857,-63.71428571,15.85714286
1,77,0.00268748,4.07744E-05,0.00426126,-35.14285714,-23.14285714,-33.42857143,-30.28571429,-33.42857143,9.428571429
2,77,0.001889091,3.96255E-05,0.006445517,-35.57142857,-23.14285714,-42.14285714,-27.14285714,-29.14285714,6.714285714
3,77,0.001377841,3.64285E-05,0.007649443,-30.71428571,-18.28571429,-34.71428571,-21.71428571,-24.85714286,5.571428571
4,77,0.001073331,3.66252E-05,0.00651531,-28.85714286,-16,-34.14285714,-19.57142857,-23.42857143,5
5,77,0.000997346,3.49314E-05,0.007455259,-29,-17.28571429,-46.28571429,-20.57142857,-23.42857143,5.714285714
6,77,0.000900139,3.15084E-05,0.007653316,-28.71428571,-16,-42.14285714,-14.28571429,-23.71428571,5.857142857
7,77,0.000769503,2.57308E-05,0.003645643,-25.85714286,-15,-41.28571429,-20,-20.57142857,7.142857143
8,77,0.000911943,2.53884E-05,0.003641688,-22.14285714,-10,-34.57142857,-13,-20.14285714,4.285714286
9,77,0.000731839,2.76399E-05,0.008222178,-21.85714286,-10.14285714,-38.85714286,-17.57142857,-26.71428571,5.428571429
10,77,0.000847852,2.81599E-05,0.008213264,-24.28571429,-11.14285714,-36.57142857,-13.57142857,-18.85714286,4.285714286
11,77,0.00081262,2.82077E-05,0.007497801,-19.85714286,-8.142857143,-24.14285714,-9.571428571,-19,3.428571429
12,77,0.00086157,2.84911E-05,0.003252667,-18.14285714,-7,-18.71428571,-6.428571429,-17.28571429,2.857142857
13,77,0.001019981,2.86954E-05,0.003249138,-18.57142857,-7,-21.57142857,-8.714285714,-19.14285714,3.142857143
14,77,0.001090515,2.97616E-05,0.003245621,-12.85714286,-2.142857143,11.14285714,-1.285714286,-16.71428571,0.285714286
15,77,0.001251027,3.01996E-05,0.003242116,-17.28571429,-5.857142857,-9.428571429,-3.714285714,-15.42857143,0.428571429
16,77,0.001329997,2.99319E-05,0.003238603,-19,-7.714285714,-26.14285714,-6.714285714,-16.28571429,1.714285714
17,77,0.00136104,3.10735E-05,0.003235111,-26.14285714,-16.42857143,-11.71428571,-21.85714286,-44.28571429,3.428571429
18,77,0.001551644,3.09616E-05,0.003231608,-23.85714286,-13.57142857,11.85714286,-15,-33.14285714,1.571428571
19,77,0.001533327,3.07719E-05,0.010693054,-12.57142857,-1.142857143,28.85714286,1.428571429,-14.28571429,-2.714285714
20,77,0.00143065,3.10511E-05,0.007054261,-12.57142857,-1.142857143,21.42857143,0.142857143,-17,-2.428571429
21,77,0.001651181,3.13301E-05,0.007743861,-15,-3.714285714,7.571428571,-2.857142857,-19.14285714,-1.571428571
22,77,0.002145731,3.18425E-05,0.007735505,-17.42857143,-6,3,-3.571428571,-21.28571429,-2.142857143
23,77,0.003757595,3.8516E-05,0.010698518,-21.28571429,-7.714285714,14.14285714,-10.42857143,-33.14285714,-1.571428571
24,77,0.004204067,4.58805E-05,0.024348006,-23.57142857,-6.714285714,24,-9.285714286,-28.14285714,-3.142857143
25,77,0.003758228,6.07906E-05,0.032632612,-28.71428571,-10.14285714,0.571428571,-12.28571429,-29,-2.285714286
26,77,0.003480161,5.83892E-05,0.052455025,-28.71428571,-9.714285714,14.71428571,-11.14285714,-30.71428571,-2.142857143
27,77,0.002749006,5.68475E-05,0.04072402,-29.71428571,-11.42857143,15,-12.57142857,-32.42857143,-2.857142857
28,77,0.002045651,5.53864E-05,0.028018365,-27.57142857,-12.85714286,8.857142857,-12.57142857,-33,-3
29,77,0.001595389,4.98844E-05,0.014382514,-26.42857143,-14.71428571,2,-12.85714286,-32.28571429,-2.285714286
30,77,0.001459712,3.82528E-05,0.007726454,-24.42857143,-13.57142857,0.285714286,-11.28571429,-32.57142857,-2.285714286
31,77,0.001154646,3.17658E-05,0.008867305,-24.71428571,-14.57142857,-8.857142857,-12.14285714,-33.57142857,-1.714285714
32,77,0.000977895,2.91701E-05,0.007385514,-22.14285714,-12.28571429,9.714285714,-8.142857143,-33.57142857,-2.571428571
33,77,0.000765528,2.77426E-05,0.007377551,-19.85714286,-11.28571429,4.571428571,-7.285714286,-33.14285714,-1.857142857
34,77,0.000730194,2.59293E-05,0.007369699,-14,-5,6.428571429,-1.285714286,-31.57142857,-2
35,77,0.000738954,2.53592E-05,0.007361763,-16.85714286,-6.714285714,-18.85714286,-3.571428571,-31.14285714,-0.428571429
36,77,0.001020094,2.30082E-05,0.003444422,-16.14285714,-7.142857143,-1.142857143,-0.714285714,-29.71428571,-1.428571429
37,77,0.001315423,2.66995E-05,0.000510132,-17.57142857,-8.857142857,-23,-3.857142857,-27.85714286,1
38,77,0.001744455,3.26289E-05,0.00050954,-16.28571429,-7.571428571,-16.28571429,-2,-23.28571429,0.857142857
39,77,0.002263953,3.59965E-05,0.000509043,-14,-4.428571429,-1.571428571,0.571428571,-22.28571429,0.285714286
40,77,0.002873225,3.71176E-05,0.000508529,-14.85714286,-4.857142857,-0.857142857,0.571428571,-20.71428571,0.571428571
41,77,0.003615838,3.86228E-05,0.000507957,-16.28571429,-6,-21.42857143,-2.285714286,-20,2.428571429
42,77,0.003685803,4.61482E-05,0.005174836,-16.28571429,-4.857142857,-21.85714286,-4.428571429,-24,4
43,77,0.003571824,5.04202E-05,0.005169291,-42.42857143,-11.28571429,-10,-23.85714286,-45.42857143,9.714285714
44,77,0.00281419,5.0675E-05,0.005163784,-36.14285714,-12.42857143,-32.85714286,-17,-31.57142857,6.428571429
45,77,0.001827525,5.00817E-05,0.005158395,-33,-4.714285714,-50.71428571,-3.571428571,-18.28571429,3.857142857
46,77,0.001618321,4.94118E-05,0.013033465,-28.28571429,-6.714285714,-47.28571429,-3.857142857,-18.42857143,4.142857143
47,77,0.00166135,4.95905E-05,0.010141805,-27.85714286,-7,-45.85714286,-2.714285714,-18.28571429,4.428571429
48,77,0.001597156,4.79214E-05,0.013499696,-21.28571429,-6.428571429,-37,-3.428571429,-17.28571429,4.285714286
49,77,0.001412014,4.48707E-05,0.001829068,-17.42857143,-5.428571429,-30.85714286,-2.857142857,-14.42857143,3.714285714
50,77,0.001219532,4.0902E-05,0.001827168,-16.28571429,-6.571428571,-34,-1.857142857,-13.71428571,3.428571429
51,77,0.001150017,3.64789E-05,0.001825264,-9.428571429,1.142857143,-31.85714286,-0.428571429,-19.71428571,3.571428571
52,77,0.001142641,3.5672E-05,0.001897711,-33,-26.71428571,-8.571428571,-35.57142857,-70,13.71428571
53,77,0.002140282,3.56342E-05,0.001908057,-30.14285714,-19,-35.28571429,-17.57142857,-27.42857143,7.428571429
0,78,0.004445136,8.9784E-05,0.000775757,-39.85714286,-24.71428571,19.85714286,-41.28571429,-66,15.71428571
1,78,0.003833581,8.44496E-05,0.001807916,-35.14285714,-17.85714286,-21.71428571,-30.42857143,-29.14285714,8.714285714
2,78,0.004163024,8.39445E-05,0.002803338,-33.28571429,-15.85714286,-16.42857143,-26.14285714,-23,5.428571429
3,78,0.002885655,8.02937E-05,0.003889511,-30.42857143,-12.14285714,-17,-21.71428571,-20.71428571,5
4,78,0.002346834,6.79572E-05,0.007094348,-27.85714286,-10.14285714,-9,-18.42857143,-19.85714286,4.285714286
5,78,0.001517628,6.48923E-05,0.009233726,-28.71428571,-12.42857143,-23,-20.71428571,-20.57142857,5
6,78,0.001368565,5.94331E-05,0.009523843,-24,-8.571428571,-19.28571429,-16.71428571,-18.71428571,4.714285714
7,78,0.001188679,5.63863E-05,0.006985445,-22.42857143,-8.571428571,-16.71428571,-15.85714286,-17.14285714,6.428571429
8,78,0.001182387,4.89214E-05,0.007312047,-18.71428571,-3.285714286,-15.57142857,-10,-16,3.857142857
9,78,0.001183454,5.34501E-05,0.004705233,-17.71428571,-4,-15.71428571,-13.57142857,-24.42857143,5.142857143
10,78,0.001140713,4.82106E-05,0.004195181,-20.71428571,-4.714285714,-14.85714286,-10.42857143,-15.85714286,3.714285714
11,78,0.001020255,4.5743E-05,0.004390372,-15.71428571,-2.714285714,-6,-8.142857143,-19.71428571,3.428571429
12,78,0.000862229,4.01567E-05,0.008260611,-13.71428571,0,7,-4.285714286,-16.14285714,2.142857143
13,78,0.00085002,3.88073E-05,0.009026925,-16.14285714,-1.857142857,-3.857142857,-7,-13.42857143,2.428571429
14,78,0.000847765,3.47085E-05,0.008347415,-10.42857143,2.571428571,22,-1.142857143,-12.71428571,0.571428571
15,78,0.000829743,3.99721E-05,0.007202422,-10,3,31.57142857,0.857142857,-12.14285714,-0.571428571
16,78,0.000851908,4.13757E-05,0.006564248,-12.42857143,1.285714286,4.285714286,-2.857142857,-11.85714286,0.428571429
17,78,0.000858613,4.14934E-05,0.003761111,-14.85714286,-5.857142857,17.28571429,-14.57142857,-40.14285714,3.571428571
18,78,0.000874464,4.21601E-05,0.004049036,-10.28571429,0.714285714,70.85714286,-4.142857143,-29.57142857,0
19,78,0.000933618,4.77617E-05,0.006679408,-5.714285714,7.142857143,59,5.428571429,-11.28571429,-3.571428571
20,78,0.001013246,4.58597E-05,0.006074154,-7.142857143,4.142857143,29,0.714285714,-15.14285714,-1.428571429
21,78,0.000999248,4.72481E-05,0.005758003,-3.142857143,7.714285714,69.85714286,4.857142857,-18.14285714,-3.285714286
22,78,0.001029603,5.42872E-05,0.00643038,-4.285714286,8.142857143,93.57142857,4.857142857,-21.14285714,-5.571428571
23,78,0.001091246,7.024E-05,0.005817868,-5.571428571,4.428571429,78.85714286,-0.571428571,-31.42857143,-3.285714286
24,78,0.001310959,0.000105457,0.010247954,-10.57142857,7.285714286,87,-0.428571429,-27.57142857,-5.571428571
25,78,0.001761075,0.000137681,0.016241435,-12.28571429,3.142857143,65.85714286,-2.857142857,-27.85714286,-4.285714286
26,78,0.00229797,0.000130012,0.021090229,-15,0.428571429,70,-5,-30.57142857,-4.428571429
27,78,0.002437169,0.000129809,0.019947681,-15.57142857,1.142857143,66.14285714,-6.571428571,-32.14285714,-5.428571429
28,78,0.002396706,0.000119441,0.016414702,-15.42857143,-2.285714286,52.57142857,-7.285714286,-33,-4.285714286
29,78,0.002373024,8.46098E-05,0.013118882,-14.14285714,-2.857142857,58.85714286,-6.142857143,-32.57142857,-3.571428571
30,78,0.002350141,6.96165E-05,0.009963647,-15.28571429,-4.571428571,30.28571429,-9,-33.14285714,-2.428571429
31,78,0.002266061,5.52001E-05,0.003746607,-13.14285714,-4.285714286,41.71428571,-8,-34,-2
32,78,0.001898437,5.11332E-05,0.00682847,-11.28571429,-2.285714286,43.57142857,-5.428571429,-33.71428571,-2.857142857
33,78,0.001461163,4.32789E-05,0.005343459,-11.14285714,-2.857142857,24.57142857,-5.428571429,-33.28571429,-1.714285714
34,78,0.001340891,4.21271E-05,0.004503788,-4.142857143,5.142857143,40.57142857,3,-31.57142857,-2.142857143
35,78,0.001450033,4.11591E-05,0.006751495,-10.14285714,2.285714286,22.57142857,2.285714286,-30.57142857,-1.142857143
36,78,0.001698376,4.63273E-05,0.009925613,-10.42857143,2.714285714,22.14285714,1.857142857,-29.57142857,-1
37,78,0.001884151,5.29263E-05,0.008353161,-7.857142857,3.142857143,20.28571429,1,-26.71428571,-0.142857143
38,78,0.002312631,6.72542E-05,0.008129994,-8.571428571,3,24.85714286,2.285714286,-21.71428571,0
39,78,0.002821134,7.11102E-05,0.007483338,-6.285714286,5,48.14285714,5.714285714,-19.42857143,-0.714285714
40,78,0.003162098,7.67558E-05,0.007875563,-7.714285714,4.285714286,27.42857143,3.428571429,-17.28571429,0.285714286
41,78,0.003955172,8.02325E-05,0.009901969,-9.857142857,2.285714286,5.714285714,1.285714286,-16.57142857,1.714285714
42,78,0.003791213,8.53158E-05,0.043154846,-7.714285714,3.571428571,7.857142857,1.142857143,-20.14285714,2.571428571
43,78,0.004100829,0.000100078,0.017548701,-29,1.428571429,17.28571429,-13.71428571,-39.42857143,7.428571429
44,78,0.003586236,0.000101359,0.013597303,-27.57142857,-3.857142857,-6.571428571,-12.57142857,-27.85714286,6
45,78,0.003600231,9.42153E-05,0.026756666,-13.71428571,2.285714286,-2.428571429,-2.285714286,-14,3
46,78,0.002228576,8.67307E-05,0.026962997,-13.42857143,1.714285714,-5.428571429,-2.714285714,-14.42857143,3.285714286
47,78,0.002734804,7.67589E-05,0.011493432,-14.71428571,0.428571429,-6.714285714,-0.571428571,-15.14285714,3.714285714
48,78,0.002809644,6.46659E-05,0.024315968,-17.42857143,-1.714285714,-10.85714286,-3.571428571,-15,4.571428571
49,78,0.002397544,7.29608E-05,0.004685795,-13,2,-7.571428571,-1,-12.14285714,4
50,78,0.002469012,7.44554E-05,0.011514763,-9.571428571,2.428571429,-8.428571429,-0.142857143,-10.42857143,3.285714286
51,78,0.002051517,6.88139E-05,0.011504021,-0.714285714,12.85714286,-1.714285714,4.285714286,-16.71428571,2.857142857
52,78,0.001575049,6.94207E-05,0.003944282,-26.14285714,-15.71428571,22,-30.57142857,-69.57142857,13.71428571
53,78,0.001990388,7.18076E-05,0.003938258,-26.14285714,-9.285714286,-7,-13.71428571,-25.57142857,7.285714286
