Date,Cases,Deaths,Retail_&_Recreation,Grocery_&_Pharmacy,Parks,Transit_stations,Workplaces,Residential,Vaccinated,Fully_Vaccinated,Revaccinated
2/15/2020,0,0,9,4,-11,8,4,-1,0,0,0
2/16/2020,0,0,7,7,-13,5,3,-1,0,0,0
2/17/2020,0,0,5,3,2,3,-1,1,0,0,0
2/18/2020,0,0,9,6,13,6,-1,0,0,0,0
2/19/2020,0,0,8,4,8,4,-2,0,0,0,0
2/20/2020,0,0,13,9,28,8,-3,-1,0,0,0
2/21/2020,0,0,10,6,32,9,-3,-1,0,0,0
2/22/2020,0,0,10,6,2,11,2,-3,0,0,0
2/23/2020,0,0,4,2,-18,0,-1,-2,0,0,0
2/24/2020,0,0,6,2,45,-25,-69,15,0,0,0
2/25/2020,0,0,4,4,11,6,4,-1,0,0,0
2/26/2020,0,0,1,0,1,4,4,-1,0,0,0
2/27/2020,0,0,2,2,4,5,3,-1,0,0,0
2/28/2020,0,0,5,4,12,6,4,-1,0,0,0
2/29/2020,0,0,7,4,-12,9,7,-1,0,0,0
3/1/2020,0,0,7,8,22,10,4,-1,0,0,0
3/2/2020,1,0,0,2,-5,3,4,0,0,0,0
3/3/2020,2,0,5,7,2,6,4,-1,0,0,0
3/4/2020,3,0,8,8,9,7,4,-1,0,0,0
3/5/2020,4,0,13,14,16,9,3,-2,0,0,0
3/6/2020,6,0,8,9,7,9,3,-1,0,0,0
3/7/2020,7,0,12,12,-3,13,4,-3,0,0,0
3/8/2020,9,0,15,12,4,8,-3,-3,0,0,0
3/9/2020,12,0,12,5,94,-21,-69,14,0,0,0
3/10/2020,14,0,0,2,5,5,2,0,0,0,0
3/11/2020,15,0,2,3,7,6,2,-1,0,0,0
3/12/2020,21,0,5,5,17,5,2,-1,0,0,0
3/13/2020,26,0,-1,1,-10,0,0,1,0,0,0
3/14/2020,35,0,4,7,-11,5,6,-1,0,0,0
3/15/2020,35,0,-5,5,-34,-5,1,1,0,0,0
3/16/2020,53,0,3,15,8,1,-3,1,0,0,0
3/17/2020,55,0,5,29,24,-3,-9,2,0,0,0
3/18/2020,86,0,-3,15,12,-8,-13,4,0,0,0
3/19/2020,98,0,-8,7,13,-12,-16,5,0,0,0
3/20/2020,131,0,-13,0,-10,-15,-18,6,0,0,0
3/21/2020,137,0,-20,-7,-38,-18,-7,3,0,0,0
3/22/2020,191,0,-21,-5,-28,-20,-4,2,0,0,0
3/23/2020,262,0,-17,-6,-11,-23,-25,8,0,0,0
3/24/2020,290,0,-16,-4,1,-22,-26,9,0,0,0
3/25/2020,410,2,-14,1,14,-21,-27,8,0,0,0
3/26/2020,546,2,-15,2,22,-22,-29,8,0,0,0
3/27/2020,703,3,-19,-1,7,-23,-30,8,0,0,0
3/28/2020,817,5,-50,-18,-25,-36,-27,6,0,0,0
3/29/2020,1014,6,-57,-22,-35,-44,-26,5,0,0,0
3/30/2020,1226,6,-63,-36,-63,-66,-66,25,0,0,0
3/31/2020,1613,11,-67,-41,-67,-69,-70,28,0,0,0
4/1/2020,1880,16,-67,-40,-67,-70,-71,29,0,0,0
4/2/2020,2475,19,-67,-38,-66,-71,-71,29,0,0,0
4/3/2020,2923,20,-67,-38,-66,-70,-70,30,0,0,0
4/4/2020,3357,27,-70,-43,-76,-67,-47,15,0,0,0
4/5/2020,3893,29,-70,-41,-75,-67,-41,12,0,0,0
4/6/2020,4484,29,-63,-35,-60,-66,-65,26,0,0,0
4/7/2020,5181,31,-60,-31,-53,-64,-65,25,0,0,0
4/8/2020,5841,31,-62,-35,-57,-64,-65,25,0,0,0
4/9/2020,6698,38,-60,-30,-46,-61,-64,24,0,0,0
4/10/2020,7822,50,-63,-34,-60,-63,-64,25,0,0,0
4/11/2020,8852,58,-66,-36,-76,-62,-41,13,0,0,0
4/12/2020,10158,72,-64,-30,-69,-60,-32,9,0,0,0
4/13/2020,11513,82,-64,-38,-60,-67,-66,26,0,0,0
4/14/2020,13002,95,-64,-36,-65,-68,-66,26,0,0,0
4/15/2020,14776,106,-69,-44,-69,-71,-69,29,0,0,0
4/16/2020,16146,113,-69,-42,-71,-73,-69,30,0,0,0
4/17/2020,18105,127,-67,-38,-70,-72,-68,30,0,0,0
4/18/2020,20754,148,-70,-41,-81,-71,-48,17,0,0,0
4/19/2020,24324,176,-75,-50,-78,-72,-45,13,0,0,0
4/20/2020,26350,204,-66,-42,-63,-70,-67,27,0,0,0
4/21/2020,29433,233,-64,-37,-62,-68,-66,27,0,0,0
4/22/2020,31981,261,-66,-41,-67,-70,-67,28,0,0,0
4/23/2020,33940,288,-64,-36,-62,-68,-66,27,0,0,0
4/24/2020,36897,325,-66,-39,-67,-69,-66,28,0,0,0
4/25/2020,39509,366,-69,-43,-78,-68,-45,15,0,0,0
4/26/2020,42480,404,-67,-37,-66,-64,-36,10,0,0,0
4/27/2020,45351,435,-63,-37,-57,-66,-65,25,0,0,0
4/28/2020,48426,479,-61,-32,-55,-65,-64,25,0,0,0
4/29/2020,50646,546,-61,-33,-59,-65,-64,25,0,0,0
4/30/2020,53739,611,-57,-26,-54,-62,-63,23,0,0,0
5/1/2020,57300,658,-66,-38,-58,-72,-78,29,0,0,0
5/2/2020,62658,695,-70,-45,-70,-66,-40,12,0,0,0
5/3/2020,68606,729,-68,-40,-61,-62,-24,7,0,0,0
5/4/2020,74401,764,-66,-41,-57,-72,-77,26,0,0,0
5/5/2020,80115,816,-65,-37,-54,-71,-76,25,0,0,0
5/6/2020,85973,866,-63,-37,-59,-65,-65,24,0,0,0
5/7/2020,92676,905,-61,-32,-51,-64,-64,24,0,0,0
5/8/2020,98522,956,-63,-35,-61,-65,-64,25,0,0,0
5/9/2020,104189,1010,-70,-44,-70,-66,-42,13,0,0,0
5/10/2020,109740,1068,-68,-41,-68,-63,-25,8,0,0,0
5/11/2020,115909,1124,-57,-26,-29,-65,-75,20,0,0,0
5/12/2020,121301,1179,-59,-33,-51,-59,-58,20,0,0,0
5/13/2020,126004,1232,-58,-31,-54,-60,-59,22,0,0,0
5/14/2020,130716,1290,-58,-30,-50,-59,-58,22,0,0,0
5/15/2020,135464,1358,-58,-29,-51,-57,-57,21,0,0,0
5/16/2020,138969,1432,-63,-36,-68,-57,-30,9,0,0,0
5/17/2020,142824,1503,-63,-34,-64,-57,-22,6,0,0,0
5/18/2020,146062,1580,-58,-32,-54,-58,-57,20,0,0,0
5/19/2020,149607,1651,-55,-27,-47,-56,-56,20,0,0,0
5/20/2020,152306,1726,-56,-29,-49,-55,-56,20,0,0,0
5/21/2020,155219,1794,-56,-28,-52,-57,-57,20,0,0,0
5/22/2020,158207,1867,-58,-30,-56,-58,-56,21,0,0,0
5/23/2020,161397,1934,-62,-34,-70,-56,-29,10,0,0,0
5/24/2020,163913,1993,-61,-31,-63,-55,-23,5,0,0,0
5/25/2020,166473,2034,-51,-23,-28,-51,-54,17,0,0,0
5/26/2020,169303,2110,-52,-23,-31,-51,-53,17,0,0,0
5/27/2020,171443,2183,-52,-23,-30,-50,-53,17,0,0,0
5/28/2020,173497,2254,-49,-19,-16,-48,-52,15,0,0,0
5/29/2020,175829,2330,-59,-34,-57,-56,-54,19,0,0,0
5/30/2020,178196,2408,-56,-28,-48,-47,-18,4,0,0,0
5/31/2020,180791,2477,-63,-36,-71,-56,-18,3,0,0,0
6/1/2020,183088,2553,-44,-20,-41,-46,-49,14,0,0,0
6/2/2020,185374,2624,-45,-22,-42,-46,-49,16,0,0,0
6/3/2020,187216,2685,-44,-21,-39,-45,-49,16,0,0,0
6/4/2020,189214,2749,-41,-16,-21,-42,-48,14,0,0,0
6/5/2020,191069,2806,-45,-21,-36,-43,-48,14,0,0,0
6/6/2020,193061,2864,-44,-20,-26,-34,-11,1,0,0,0
6/7/2020,195017,2919,-39,-13,5,-30,0,-3,0,0,0
6/8/2020,197018,2970,-34,-11,34,-36,-44,9,0,0,0
6/9/2020,198590,3029,-29,-8,39,-31,-42,8,0,0,0
6/10/2020,199785,3085,-34,-13,4,-33,-42,8,0,0,0
6/11/2020,201221,3138,-26,-2,43,-27,-42,5,0,0,0
6/12/2020,202935,3187,-41,-22,6,-48,-67,13,0,0,0
6/13/2020,204428,3231,-46,-29,-40,-39,-10,0,0,0,0
6/14/2020,205905,3281,-34,-12,12,-21,7,-8,0,0,0
6/15/2020,207264,3334,-26,-7,32,-26,-40,5,0,0,0
6/16/2020,208680,3386,-23,-3,55,-22,-39,5,0,0,0
6/17/2020,209745,3434,-25,-4,56,-22,-40,5,0,0,0
6/18/2020,210785,3483,-28,-7,43,-24,-40,5,0,0,0
6/19/2020,211921,3531,-32,-11,24,-26,-40,6,0,0,0
6/20/2020,212978,3565,-39,-21,-19,-25,-3,-3,0,0,0
6/21/2020,213946,3597,-31,-11,-1,-19,5,-6,0,0,0
6/22/2020,215014,3617,-23,-6,53,-21,-40,4,0,0,0
6/23/2020,216095,3643,-18,-3,50,-18,-40,3,0,0,0
6/24/2020,216906,3657,-18,-5,116,-31,-64,11,0,0,0
6/25/2020,217791,3669,-23,-10,21,-22,-40,4,0,0,0
6/26/2020,218604,3694,-25,-10,37,-21,-40,3,0,0,0
6/27/2020,219354,3714,-32,-20,15,-18,-4,-7,0,0,0
6/28/2020,220071,3738,-27,-11,17,-14,8,-9,0,0,0
6/29/2020,220853,3761,-17,-6,44,-18,-38,2,0,0,0
6/30/2020,221598,3796,-14,-1,54,-14,-38,2,0,0,0
7/1/2020,222209,3831,-12,-1,64,-29,-64,10,0,0,0
7/2/2020,222871,3870,-23,-12,5,-20,-39,4,0,0,0
7/3/2020,223530,3904,-27,-15,-5,-21,-40,4,0,0,0
7/4/2020,224210,3929,-29,-16,-12,-19,-6,-5,0,0,0
7/5/2020,224860,3953,-24,-9,27,-10,4,-9,0,0,0
7/6/2020,225545,3975,-16,-4,70,-16,-40,1,0,0,0
7/7/2020,226174,3999,-19,-7,38,-17,-40,3,0,0,0
7/8/2020,226795,4027,-20,-10,9,-20,-39,3,0,0,0
7/9/2020,227363,4059,-17,-5,29,-18,-39,3,0,0,0
7/10/2020,228000,4087,-21,-9,32,-17,-39,1,0,0,0
7/11/2020,228678,4116,-29,-19,9,-15,-6,-8,0,0,0
7/12/2020,229357,4143,-24,-11,24,-10,3,-10,0,0,0
7/13/2020,230029,4168,-18,-9,24,-19,-40,2,0,0,0
7/14/2020,230642,4205,-22,-14,-8,-21,-41,4,0,0,0
7/15/2020,231270,4234,-18,-9,-6,-19,-39,3,0,0,0
7/16/2020,231801,4258,-17,-8,-6,-19,-40,3,0,0,0
7/17/2020,232376,4271,-22,-12,9,-20,-40,3,0,0,0
7/18/2020,232954,4285,-27,-20,-16,-17,-8,-5,0,0,0
7/19/2020,233545,4299,-22,-12,13,-10,1,-9,0,0,0
7/20/2020,234123,4314,-16,-8,33,-18,-38,2,0,0,0
7/21/2020,234725,4331,-16,-9,20,-18,-39,3,0,0,0
7/22/2020,235363,4350,-18,-11,13,-19,-39,3,0,0,0
7/23/2020,235971,4364,-16,-8,25,-18,-39,2,0,0,0
7/24/2020,236616,4375,-22,-14,11,-20,-40,2,0,0,0
7/25/2020,237264,4389,-25,-20,8,-13,-8,-7,0,0,0
7/26/2020,237947,4398,-23,-14,15,-10,0,-9,0,0,0
7/27/2020,238641,4411,-20,-14,17,-19,-41,2,0,0,0
7/28/2020,239315,4421,-13,-6,65,-15,-39,1,0,0,0
7/29/2020,239986,4434,-18,-10,34,-17,-40,2,0,0,0
7/30/2020,240664,4446,-16,-7,29,-17,-40,2,0,0,0
7/31/2020,241359,4460,-21,-12,12,-18,-42,2,0,0,0
8/1/2020,242049,4473,-27,-21,-13,-16,-13,-6,0,0,0
8/2/2020,242713,4485,-22,-13,14,-9,-4,-9,0,0,0
8/3/2020,243406,4498,-16,-8,49,-17,-41,1,0,0,0
8/4/2020,244097,4510,-14,-6,57,-14,-41,1,0,0,0
8/5/2020,244784,4521,-16,-7,50,-16,-40,1,0,0,0
8/6/2020,245468,4534,-16,-7,52,-16,-40,1,0,0,0
8/7/2020,246154,4546,-21,-13,33,-18,-41,0,0,0,0
8/8/2020,246845,4560,-27,-21,9,-14,-12,-8,0,0,0
8/9/2020,247534,4572,-21,-12,31,-7,-4,-11,0,0,0
8/10/2020,248228,4585,-17,-10,41,-17,-41,0,0,0,0
8/11/2020,248922,4599,-14,-8,31,-16,-41,1,0,0,0
8/12/2020,249611,4611,-18,-12,2,-19,-41,2,0,0,0
8/13/2020,250303,4622,-20,-13,-12,-21,-42,3,0,0,0
8/14/2020,250991,4633,-21,-13,4,-19,-42,2,0,0,0
8/15/2020,251686,4645,-23,-18,-4,-12,-14,-7,0,0,0
8/16/2020,252374,4656,-19,-11,17,-6,-6,-9,0,0,0
8/17/2020,253064,4666,-14,-8,46,-15,-40,1,0,0,0
8/18/2020,253757,4677,-13,-7,46,-14,-39,1,0,0,0
8/19/2020,254448,4687,-16,-10,30,-16,-39,1,0,0,0
8/20/2020,255136,4698,-15,-8,37,-15,-39,1,0,0,0
8/21/2020,255826,4710,-20,-13,30,-16,-40,0,0,0,0
8/22/2020,256513,4720,-25,-20,11,-11,-13,-8,0,0,0
8/23/2020,257124,4731,-18,-11,33,-3,-5,-11,0,0,0
8/24/2020,257749,4741,-15,-9,34,-15,-39,0,0,0,0
8/25/2020,258430,4753,-10,-4,54,-10,-38,0,0,0,0
8/26/2020,259070,4764,-18,-12,-3,-15,-38,2,0,0,0
8/27/2020,259707,4776,-11,-5,33,-11,-38,1,0,0,0
8/28/2020,260361,4786,-17,-10,9,-14,-38,2,0,0,0
8/29/2020,261038,4798,-17,-13,-1,-7,-14,-7,0,0,0
8/30/2020,261733,4809,-11,-3,22,2,-6,-9,0,0,0
8/31/2020,262418,4821,-1,6,80,-4,-37,0,0,0,0
9/1/2020,263059,4832,-4,3,49,-5,-38,0,0,0,0
9/2/2020,263684,4844,-12,-3,29,-8,-36,0,0,0,0
9/3/2020,264374,4857,-10,-2,40,-7,-36,0,0,0,0
9/4/2020,265066,4867,-14,-6,29,-8,-37,-1,0,0,0
9/5/2020,265737,4878,-16,-13,19,-4,-16,-6,0,0,0
9/6/2020,266357,4891,-10,-3,53,3,-9,-9,0,0,0
9/7/2020,267047,4905,-12,-3,41,-8,-37,0,0,0,0
9/8/2020,267742,4921,-18,-11,-8,-11,-38,1,0,0,0
9/9/2020,268384,4933,-15,-7,-5,-11,-35,2,0,0,0
9/10/2020,269079,4947,-14,-7,0,-11,-36,2,0,0,0
9/11/2020,269777,4956,-13,-6,10,-9,-36,1,0,0,0
9/12/2020,270447,4968,-13,-11,13,-3,-15,-6,0,0,0
9/13/2020,271097,4982,-14,-7,-1,-4,-10,-7,0,0,0
9/14/2020,271793,4993,-13,-5,12,-10,-29,1,0,0,0
9/15/2020,272523,5006,-10,-2,24,-6,-29,1,0,0,0
9/16/2020,273273,5016,-11,-4,26,-6,-29,1,0,0,0
9/17/2020,274003,5025,-20,-15,-2,-11,-31,2,0,0,0
9/18/2020,274808,5033,-16,-7,-10,-11,-31,3,0,0,0
9/19/2020,275633,5044,-15,-10,-18,-6,-16,-3,0,0,0
9/20/2020,276493,5057,-12,-5,-1,-2,-9,-5,0,0,0
9/21/2020,277408,5069,-14,-6,7,-9,-29,2,0,0,0
9/22/2020,278388,5084,-12,-4,25,-5,-28,2,0,0,0
9/23/2020,279358,5100,-15,-6,24,-4,-26,1,0,0,0
9/24/2020,280408,5115,-15,-6,25,-5,-27,1,0,0,0
9/25/2020,281968,5129,-16,-7,17,-5,-27,1,0,0,0
9/26/2020,283760,5146,-18,-14,9,0,-11,-6,0,0,0
9/27/2020,285776,5164,-16,-7,20,4,-7,-8,0,0,0
9/28/2020,287993,5180,-21,-12,-18,-9,-25,3,0,0,0
9/29/2020,290293,5203,-16,-5,7,-6,-25,3,0,0,0
9/30/2020,292601,5230,-16,-3,9,-4,-26,2,0,0,0
10/1/2020,295025,5254,-16,-3,15,-5,-24,2,0,0,0
10/2/2020,297729,5282,-18,-5,10,-5,-26,2,0,0,0
10/3/2020,300613,5314,-19,-11,-1,-1,-13,-4,0,0,0
10/4/2020,303940,5343,-15,-5,26,5,-8,-7,0,0,0
10/5/2020,307477,5370,-17,-6,20,-9,-33,4,0,0,0
10/6/2020,311559,5401,-16,-4,25,-8,-34,4,0,0,0
10/7/2020,314788,5442,-20,-8,-1,-12,-34,5,0,0,0
10/8/2020,318111,5497,-20,-8,2,-12,-34,5,0,0,0
10/9/2020,321812,5530,-27,-16,-33,-18,-36,7,0,0,0
10/10/2020,325917,5560,-23,-13,-18,-9,-13,-2,0,0,0
10/11/2020,330418,5595,-20,-8,6,-4,-7,-5,0,0,0
10/12/2020,334813,5629,-25,-12,-15,-17,-35,7,0,0,0
10/13/2020,339431,5687,-20,-7,10,-14,-35,6,0,0,0
10/14/2020,344004,5739,-20,-7,13,-13,-34,6,0,0,0
10/15/2020,347946,5796,-20,-6,1,-14,-35,6,0,0,0
10/16/2020,352995,5850,-26,-14,-36,-19,-36,8,0,0,0
10/17/2020,357643,5906,-24,-14,-39,-13,-15,0,0,0,0
10/18/2020,362253,5958,-27,-14,-53,-17,-13,-1,0,0,0
10/19/2020,367629,6009,-24,-11,-27,-19,-32,8,0,0,0
10/20/2020,372628,6058,-24,-10,-30,-18,-33,8,0,0,0
10/21/2020,377017,6121,-25,-11,-33,-18,-32,9,0,0,0
10/22/2020,381430,6187,-26,-13,-31,-19,-32,9,0,0,0
10/23/2020,386908,6249,-24,-8,-20,-17,-32,8,0,0,0
10/24/2020,391361,6312,-23,-11,-30,-11,-13,0,0,0,0
10/25/2020,395816,6380,-20,-5,-12,-7,-8,-2,0,0,0
10/26/2020,401040,6442,-24,-10,-12,-18,-31,8,0,0,0
10/27/2020,405352,6503,-22,-7,-6,-16,-32,8,0,0,0
10/28/2020,409022,6578,-23,-8,-8,-17,-31,8,0,0,0
10/29/2020,413928,6644,-24,-9,-12,-18,-31,8,0,0,0
10/30/2020,419196,6713,-26,-10,-23,-19,-32,9,0,0,0
10/31/2020,424148,6768,-24,-12,-31,-13,-12,1,0,0,0
11/1/2020,429409,6820,-27,-12,-38,-15,-10,0,0,0,0
11/2/2020,434205,6873,-27,-12,-23,-21,-32,9,0,0,0
11/3/2020,439355,6936,-20,-4,-10,-16,-33,8,0,0,0
11/4/2020,445181,7004,-20,-8,5,-36,-70,20,0,0,0
11/5/2020,450436,7071,-28,-12,-27,-22,-32,10,0,0,0
11/6/2020,456689,7140,-28,-13,-33,-22,-33,10,0,0,0
11/7/2020,462518,7215,-26,-13,-32,-16,-13,2,0,0,0
11/8/2020,468269,7289,-30,-16,-48,-20,-10,1,0,0,0
11/9/2020,475166,7361,-26,-12,-27,-21,-31,9,0,0,0
11/10/2020,481068,7429,-24,-9,-28,-20,-31,9,0,0,0
11/11/2020,485545,7502,-25,-10,-33,-21,-31,10,0,0,0
11/12/2020,491542,7573,-24,-10,-27,-21,-31,10,0,0,0
11/13/2020,497516,7643,-26,-10,-32,-22,-33,10,0,0,0
11/14/2020,503943,7712,-26,-12,-44,-17,-14,2,0,0,0
11/15/2020,510214,7787,-25,-9,-39,-15,-9,0,0,0,0
11/16/2020,516574,7859,-27,-13,-34,-24,-33,10,0,0,0
11/17/2020,522456,7933,-26,-12,-31,-23,-34,10,0,0,0
11/18/2020,526630,8009,-28,-13,-39,-25,-34,11,0,0,0
11/19/2020,533068,8082,-30,-15,-40,-24,-34,12,0,0,0
11/20/2020,539970,8159,-29,-12,-36,-23,-34,11,0,0,0
11/21/2020,547138,8233,-26,-12,-44,-17,-14,3,0,0,0
11/22/2020,553713,8308,-26,-10,-41,-18,-10,2,0,0,0
11/23/2020,560579,8379,-28,-14,-26,-23,-33,11,0,0,0
11/24/2020,566417,8455,-27,-12,-30,-22,-33,11,0,0,0
11/25/2020,571102,8530,-27,-11,-31,-23,-32,11,0,0,0
11/26/2020,577177,8603,-26,-11,-29,-22,-32,10,0,0,0
11/27/2020,585095,8680,-27,-12,-36,-22,-33,11,0,0,0
11/28/2020,592415,8756,-26,-13,-48,-17,-13,3,0,0,0
11/29/2020,599213,8828,-26,-10,-45,-17,-9,2,0,0,0
11/30/2020,605724,8902,-29,-15,-35,-23,-32,10,0,0,0
12/1/2020,612248,8978,-27,-11,-27,-21,-32,10,0,0,0
12/2/2020,617439,9053,-28,-12,-33,-24,-31,11,0,0,0
12/3/2020,625189,9126,-27,-12,-34,-24,-32,11,0,0,0
12/4/2020,632057,9203,-28,-12,-36,-24,-32,11,0,0,0
12/5/2020,640050,9277,-25,-12,-44,-18,-12,3,0,0,0
12/6/2020,647562,9349,-24,-9,-33,-17,-8,1,0,0,0
12/7/2020,654841,9425,-28,-14,-31,-24,-32,10,0,0,0
12/8/2020,660073,9496,-27,-12,-28,-23,-31,10,0,0,0
12/9/2020,665218,9571,-28,-13,-29,-23,-31,10,0,0,0
12/10/2020,671948,9645,-28,-12,-25,-22,-32,10,0,0,0
12/11/2020,679163,9722,-28,-13,-30,-22,-32,11,0,0,0
12/12/2020,685785,9798,-26,-13,-44,-18,-12,4,0,0,0
12/13/2020,692210,9870,-26,-9,-32,-16,-8,2,0,0,0
12/14/2020,698084,9945,-29,-15,-26,-22,-31,10,0,0,0
12/15/2020,703502,10022,-26,-11,-14,-16,-32,9,28500,0,0
12/16/2020,708530,10095,-27,-12,-22,-19,-31,10,28500,0,0
12/17/2020,715241,10171,-27,-12,-22,-19,-31,10,28500,0,0
12/18/2020,722178,10243,-27,-12,-27,-20,-31,10,28500,0,0
12/19/2020,728637,10317,-24,-12,-36,-13,-10,3,28500,0,0
12/20/2020,735900,10394,-23,-7,-25,-11,-5,1,28500,0,0
12/21/2020,743697,10469,-25,-12,-21,-19,-31,10,28500,0,0
12/22/2020,750934,10540,-24,-11,-20,-19,-31,9,50000,0,0
12/23/2020,756586,10613,-24,-11,-26,-19,-30,9,50000,0,0
12/24/2020,764789,10689,-23,-10,-21,-17,-30,9,50000,0,0
12/25/2020,772104,10763,-26,-13,-26,-15,-31,9,50000,0,0
12/26/2020,779584,10840,-22,-9,-38,-8,-4,2,50000,0,0
12/27/2020,786204,10913,-19,-3,-29,-7,0,1,50000,0,0
12/28/2020,792457,10989,-17,-5,-18,-15,-32,8,50000,0,0
12/29/2020,798098,11064,-12,2,-22,-13,-34,7,50000,0,0
12/30/2020,803203,11136,-9,15,-26,-14,-39,8,50000,0,0
12/31/2020,809769,11209,-29,2,-22,-40,-70,19,50000,0,0
1/1/2021,815676,11280,-70,-65,-24,-65,-88,29,50000,0,0
1/2/2021,821128,11356,-46,-40,-31,-40,-47,7,50000,0,0
1/3/2021,824979,11433,-36,-28,-22,-25,-19,1,50000,0,0
1/4/2021,828570,11507,-31,-27,4,-45,-73,18,50000,0,0
1/5/2021,833412,11582,-31,-25,1,-44,-72,18,50000,0,0
1/6/2021,838554,11652,-33,-23,-5,-44,-71,18,50000,0,0
1/7/2021,843425,11728,-38,-30,3,-49,-76,20,50000,0,0
1/8/2021,848452,11799,-39,-31,-18,-47,-72,20,50000,0,0
1/9/2021,853352,11873,-38,-29,-41,-30,-21,4,50000,0,0
1/10/2021,857568,11950,-35,-20,-38,-24,-7,3,50000,0,0
1/11/2021,862214,12025,-33,-20,-30,-28,-32,11,50000,0,0
1/12/2021,867215,12097,-31,-18,-30,-27,-33,10,50000,0,0
1/13/2021,871535,12173,-33,-19,-40,-29,-33,9,50000,0,0
1/14/2021,877428,12241,-37,-25,-37,-27,-36,9,140000,0,0
1/15/2021,882962,12322,-36,-25,-44,-30,-37,9,140000,0,0
1/16/2021,887636,12401,-38,-26,-60,-28,-20,4,140000,0,0
1/17/2021,891648,12468,-36,-22,-56,-29,-15,2,140000,0,0
1/18/2021,895327,12541,-37,-26,-39,-28,-34,9,190000,0,0
1/19/2021,898442,12625,-34,-22,-30,-26,-34,8,200000,0,0
1/20/2021,900894,12690,-34,-20,-35,-25,-32,8,200000,0,0
1/21/2021,904352,12759,-34,-21,-31,-24,-32,7,220000,0,0
1/22/2021,907389,12831,-32,-19,-33,-23,-31,7,220000,0,0
1/23/2021,910057,12895,-31,-20,-48,-21,-15,3,220000,0,0
1/24/2021,913126,12969,-31,-17,-43,-22,-11,1,220000,0,0
1/25/2021,915508,13030,-30,-18,-28,-22,-30,7,220000,0,0
1/26/2021,917825,13100,-30,-18,-28,-21,-30,7,220000,0,0
1/27/2021,919662,13175,-30,-18,-31,-22,-28,7,220000,0,0
1/28/2021,922559,13237,-31,-18,-32,-21,-29,7,320000,0,0
1/29/2021,925358,13300,-30,-16,-36,-21,-29,7,320000,0,0
1/30/2021,927788,13368,-27,-17,-47,-20,-15,2,320000,0,0
1/31/2021,930072,13434,-28,-14,-38,-18,-10,1,320000,0,0
2/1/2021,932109,13495,-30,-17,-27,-19,-28,6,320000,0,0
2/2/2021,933810,13569,-28,-15,-23,-18,-28,6,320000,0,0
2/3/2021,935355,13634,-30,-17,-36,-21,-27,7,320000,0,0
2/4/2021,937450,13701,-29,-16,-32,-20,-27,6,400000,0,0
2/5/2021,939482,13772,-29,-17,-43,-20,-28,7,400000,0,0
2/6/2021,941696,13832,-29,-19,-62,-23,-16,3,400000,0,0
2/7/2021,943724,13896,-29,-17,-54,-24,-13,2,400000,0,0
2/8/2021,945452,13958,-31,-20,-41,-21,-27,7,400000,0,0
2/9/2021,947036,14031,-30,-18,-43,-20,-27,7,400000,0,0
2/10/2021,948477,14099,-28,-16,-42,-18,-27,7,400000,0,0
2/11/2021,950517,14160,-27,-14,-39,-18,-26,7,500000,0,0
2/12/2021,952656,14223,-32,-20,-44,-17,-28,8,500000,0,0
2/13/2021,954619,14290,-34,-21,-60,-16,-20,6,500000,0,0
2/14/2021,956178,14348,-27,-14,-51,-14,-12,3,500000,0,0
2/15/2021,957996,14404,-28,-16,-34,-12,-27,6,500000,0,0
2/16/2021,959405,14464,-27,-15,-36,-13,-27,6,500000,0,0
2/17/2021,960687,14523,-27,-13,-35,-13,-26,6,555000,0,0
2/18/2021,962637,14578,-26,-13,-35,-15,-26,6,600000,0,0
2/19/2021,964609,14631,-29,-16,-42,-18,-25,8,600000,0,0
2/20/2021,966232,14689,-25,-12,-51,7,92,-6,600000,0,0
2/21/2021,967834,14741,-19,-7,-41,-8,-6,-1,600000,0,0
2/22/2021,969557,14782,-19,-12,-33,-40,-72,17,600000,0,0
2/23/2021,970755,14831,-31,-23,-49,-49,-76,19,600000,0,0
2/24/2021,972172,14874,-32,-21,-43,-19,-29,7,600000,0,0
2/25/2021,973578,14921,-26,-14,-30,-13,-28,6,600000,0,0
2/26/2021,974914,14966,-26,-14,-38,-16,-28,7,600000,0,0
2/27/2021,976739,15007,-21,-12,-48,-14,-12,2,600000,0,0
2/28/2021,978476,15055,-22,-9,-42,-12,-9,1,600000,0,0
3/1/2021,980573,15097,-24,-12,-30,-13,-23,5,600000,0,0
3/2/2021,981850,15146,-22,-9,-25,-12,-23,5,600000,0,0
3/3/2021,983134,15192,-21,-8,-29,-12,-23,5,600000,0,0
3/4/2021,985284,15243,-19,-6,-30,-12,-23,5,600000,0,0
3/5/2021,987041,15297,-19,-6,-31,-10,-22,4,700000,0,0
3/6/2021,988861,15347,-18,-8,-49,-11,-12,0,700000,0,0
3/7/2021,990395,15394,-16,-3,-47,-10,-7,-1,700000,0,0
3/8/2021,991816,15447,-16,-9,-28,-41,-77,17,700000,0,0
3/9/2021,992882,15496,-29,-17,-40,-18,-23,6,700000,0,0
3/10/2021,993998,15547,-29,-16,-43,-17,-23,6,700000,0,0
3/11/2021,995279,15601,-26,-12,-34,-16,-23,6,700000,0,0
3/12/2021,996889,15657,-26,-13,-41,-17,-23,6,700000,0,0
3/13/2021,998489,15709,-24,-12,-52,-15,-12,2,700000,0,0
3/14/2021,1000394,15764,-24,-11,-39,-13,-10,1,700000,0,0
3/15/2021,1001747,15815,-26,-13,-35,-14,-22,6,700000,0,0
3/16/2021,1003280,15872,-24,-10,-32,-12,-22,5,700000,0,0
3/17/2021,1004481,15925,-23,-9,-30,-12,-21,5,700000,0,0
3/18/2021,1006415,15973,-23,-10,-27,-12,-22,5,700000,0,0
3/19/2021,1008224,16024,-22,-9,-31,-12,-22,5,700000,0,0
3/20/2021,1009952,16078,-17,-7,-36,-7,-11,0,700000,0,0
3/21/2021,1011463,16128,-18,-6,-35,-8,-9,0,700000,0,0
3/22/2021,1013049,16184,-24,-12,-28,-13,-23,6,700000,0,0
3/23/2021,1014091,16235,-21,-10,-24,-11,-23,5,700000,0,0
3/24/2021,1015522,16288,-20,-8,-13,-9,-22,4,700000,0,0
3/25/2021,1017309,16337,-17,-5,-2,-7,-23,4,1000000,0,0
3/26/2021,1019122,16392,-19,-7,-16,-9,-23,5,1000000,800000,0
3/27/2021,1020673,16446,-14,-6,-21,-2,-10,-1,1000000,800000,0
3/28/2021,1022551,16498,-11,-1,-2,1,-7,-2,1000000,800000,0
3/29/2021,1024163,16547,-19,-7,-9,-8,-20,4,1000000,800000,0
3/30/2021,1025454,16603,-21,-9,-23,-9,-20,4,1000000,800000,0
3/31/2021,1026740,16656,-22,-10,-31,-9,-21,5,1000000,800000,0
4/1/2021,1028891,16707,-21,-9,-29,-9,-20,5,1000000,800000,0
4/2/2021,1030655,16764,-21,-8,-27,-11,-21,5,1000000,800000,0
4/3/2021,1032666,16816,-16,-7,-33,-6,-10,0,1000000,800000,0
4/4/2021,1034567,16872,-15,-3,-18,-4,-7,-2,1000000,800000,0
4/5/2021,1036443,16922,-18,-6,-12,-10,-23,4,1000000,800000,0
4/6/2021,1038190,16976,-17,-5,-5,-7,-23,4,1000000,800000,0
4/7/2021,1039775,17027,-20,-8,-21,-9,-25,5,1000000,800000,0
4/8/2021,1041799,17082,-23,-12,-35,-14,-25,6,1000000,800000,0
4/9/2021,1044220,17139,-17,-5,-11,-8,-25,4,1000000,800000,0
4/10/2021,1046226,17192,-12,-5,-10,1,-9,-4,1000000,800000,0
4/11/2021,1048316,17248,-6,3,30,9,-6,-6,1000000,800000,0
4/12/2021,1050149,17302,-16,-5,0,-6,-19,3,1000000,800000,0
4/13/2021,1051931,17360,-13,-1,33,-2,-19,2,1000000,800000,0
4/14/2021,1053768,17412,-13,-1,25,-1,-19,1,1000000,800000,0
4/15/2021,1056223,17471,-13,-1,11,-2,-20,2,1000000,820000,0
4/16/2021,1058699,17528,-16,-4,2,-4,-19,2,1000000,820000,0
4/17/2021,1061521,17586,-14,-6,-1,2,-7,-5,1000000,820000,0
4/18/2021,1063773,17639,-14,-3,-9,1,-6,-6,1000000,820000,0
4/19/2021,1066052,17698,-18,-6,-5,-6,-19,3,1000000,820000,0
4/20/2021,1068048,17754,-22,-11,-27,-7,-19,3,1000000,820000,0
4/21/2021,1070036,17812,-21,-8,-28,-8,-20,4,1000000,820000,0
4/22/2021,1072740,17866,-16,-3,2,-4,-18,2,1000000,820000,0
4/23/2021,1075242,17923,-23,-12,-30,-8,-20,4,1000000,820000,0
4/24/2021,1077783,17982,-21,-13,-55,-12,-9,0,1000000,820000,0
4/25/2021,1080309,18035,-16,-4,-34,-4,-7,-2,1000000,820000,0
4/26/2021,1082996,18090,-18,-7,-9,-6,-19,3,1000000,820000,0
4/27/2021,1085094,18148,-24,-14,-35,-10,-20,4,1000000,820000,0
4/28/2021,1086934,18202,-17,-5,-20,-5,-19,2,1000000,820000,0
4/29/2021,1090149,18258,-14,1,0,-2,-20,1,1000000,820000,0
4/30/2021,1092811,18315,-19,-3,-23,-5,-22,2,1000000,820000,0
5/1/2021,1096019,18374,-25,-11,-8,-9,-25,-5,1000000,820000,0
5/2/2021,1098718,18428,-31,-22,-2,-12,-19,-5,1000000,820000,0
5/3/2021,1101353,18486,-27,-22,11,-39,-74,9,1000000,820000,0
5/4/2021,1103403,18547,-29,-21,-35,-31,-57,8,1000000,820000,0
5/5/2021,1105835,18603,-25,-17,-8,-27,-56,7,1000000,820000,0
5/6/2021,1107949,18662,-27,-19,-17,-30,-57,8,1000000,820000,0
5/7/2021,1110795,18722,-27,-19,21,-26,-57,6,1000000,820000,0
5/8/2021,1113560,18779,-43,-36,-67,-32,-25,0,1000000,820000,0
5/9/2021,1116388,18837,-29,-19,8,-14,-18,-4,1000000,820000,0
5/10/2021,1119284,18893,-15,-7,85,-26,-72,7,1000000,820000,0
5/11/2021,1121912,18954,-18,-4,36,-1,-19,-1,1000000,820000,0
5/12/2021,1124630,19013,-22,-9,-14,-4,-20,2,1000000,820000,0
5/13/2021,1127417,19068,-13,-1,14,-2,-21,1,1000000,820000,0
5/14/2021,1131235,19128,-18,-6,4,-3,-19,0,1300000,820000,0
5/15/2021,1134308,19186,-17,-10,-1,1,-8,-6,1300000,820000,0
5/16/2021,1137097,19242,-10,0,44,11,-1,-10,1300000,820000,0
5/17/2021,1140670,19299,-11,1,51,1,-18,-1,1300000,820000,0
5/18/2021,1143100,19358,-10,3,56,2,-18,-1,1400000,1300000,0
5/19/2021,1145196,19419,-11,2,35,1,-18,-1,1400000,1300000,0
5/20/2021,1148508,19474,-11,2,13,-3,-18,0,1400000,1300000,0
5/21/2021,1151462,19532,-15,-3,2,-4,-19,0,1400000,1300000,0
5/22/2021,1154115,19592,-16,-8,13,2,-6,-8,1400000,1300000,0
5/23/2021,1157039,19648,-15,-3,14,3,-3,-10,1400000,1300000,0
5/24/2021,1159526,19707,-11,1,30,-1,-23,0,1400000,1300000,0
5/25/2021,1161601,19764,-9,3,41,1,-23,0,1400000,1300000,0
5/26/2021,1164017,19826,-11,1,28,1,-22,0,1500000,1300000,0
5/27/2021,1167122,19884,-11,1,22,-1,-23,1,1500000,1300000,0
5/28/2021,1170396,19940,-16,-3,15,-2,-24,0,1500000,1300000,0
5/29/2021,1173637,20001,-28,-20,-49,-12,-9,-4,1500000,1300000,0
5/30/2021,1177356,20060,-16,-3,-10,-2,-1,-8,1500000,1300000,0
5/31/2021,1179970,20115,-13,-2,6,-3,-24,1,1500000,1300000,0
6/1/2021,1183639,20177,-9,1,35,1,-25,0,1500000,1300000,0
6/2/2021,1186481,20237,-12,0,25,-1,-25,0,1500000,1300000,0
6/3/2021,1189357,20294,-11,1,31,-1,-26,0,1500000,1300000,0
6/4/2021,1192174,20352,-16,-3,23,-3,-27,-1,1500000,1300000,0
6/5/2021,1195071,20408,-22,-13,2,-1,-9,-8,1500000,1300000,0
6/6/2021,1198007,20469,-21,-7,-3,-1,-4,-10,1500000,1300000,0
6/7/2021,1201273,20528,-14,-3,16,-4,-27,0,1500000,1300000,0
6/8/2021,1205090,20590,-15,-4,6,-4,-27,1,1500000,1300000,0
6/9/2021,1209214,20648,-15,-3,2,-4,-27,1,1500000,1300000,0
6/10/2021,1214459,20711,-19,-9,-25,-8,-28,2,1500000,1300000,0
6/11/2021,1220312,20771,-21,-8,-22,-8,-31,1,1500000,1300000,0
6/12/2021,1227013,20838,-26,-16,-10,-8,-17,-7,1500000,1300000,0
6/13/2021,1234717,20907,-24,-12,21,-2,-5,-9,1500000,1300000,0
6/14/2021,1241307,20979,-22,-9,51,-29,-72,3,1500000,1300000,0
6/15/2021,1248112,21050,-21,-6,5,-9,-35,0,1500000,1300000,0
6/16/2021,1253894,21125,-17,-1,23,-8,-36,1,1800000,1300000,0
6/17/2021,1260089,21198,-18,-2,31,-9,-36,0,1800000,1300000,0
6/18/2021,1269145,21276,-25,-8,19,-12,-37,0,1800000,1500000,0
6/19/2021,1278265,21352,-31,-17,2,-8,-13,-9,1800000,1500000,0
6/20/2021,1286570,21433,-27,-8,22,-2,-6,-12,1800000,1500000,0
6/21/2021,1294154,21512,-20,-4,32,-10,-35,-1,1800000,1500000,0
6/22/2021,1300709,21598,-20,-3,37,-10,-35,0,2000000,1500000,0
6/23/2021,1307243,21686,-21,-4,27,-11,-35,0,2000000,1500000,0
6/24/2021,1315841,21778,-21,-3,29,-12,-36,0,2000000,1500000,0
6/25/2021,1323757,21876,-27,-9,11,-14,-36,0,2000000,1500000,0
6/26/2021,1332214,21972,-33,-17,-4,-13,-15,-8,2000000,1600000,0
6/27/2021,1338937,22086,-31,-12,-1,-8,-6,-11,2000000,1600000,0
6/28/2021,1346183,22210,-29,-9,-3,-14,-37,1,2000000,1600000,0
6/29/2021,1352392,22331,-28,-9,-6,-14,-36,1,2000000,1600000,0
6/30/2021,1358215,22448,-27,-8,-3,-12,-36,0,2000000,1600000,0
7/1/2021,1365812,22556,-26,-7,10,-11,-37,1,2000000,1600000,0
7/2/2021,1372705,22668,-31,-11,4,-13,-37,1,2600000,1600000,0
7/3/2021,1380151,22784,-37,-19,-18,-12,-16,-6,2700000,1600000,0
7/4/2021,1387775,22895,-33,-13,0,-7,-8,-10,2700000,1600000,0
7/5/2021,1394332,23001,-25,-7,29,-11,-38,0,3000000,1800000,0
7/6/2021,1399830,23115,-24,-5,32,-11,-38,0,3000000,1800000,0
7/7/2021,1405451,23219,-26,-7,27,-11,-39,0,3100000,1800000,0
7/8/2021,1411491,23328,-25,-6,29,-13,-39,0,3200000,1800000,0
7/9/2021,1418134,23430,-31,-12,14,-15,-40,0,3200000,1800000,0
7/10/2021,1423828,23538,-38,-21,-6,-13,-18,-8,3200000,1800000,0
7/11/2021,1429238,23648,-33,-13,11,-7,-9,-12,3200000,1800000,0
7/12/2021,1434641,23755,-26,-8,30,-13,-40,-1,3200000,1800000,0
7/13/2021,1439632,23858,-26,-7,32,-13,-40,0,3200000,1800000,0
7/14/2021,1443598,23967,-26,-8,21,-13,-40,0,3200000,1800000,0
7/15/2021,1448835,24068,-28,-11,3,-14,-40,1,3200000,1800000,0
7/16/2021,1454217,24173,-31,-12,13,-15,-41,-1,3800000,2000000,0
7/17/2021,1458778,24275,-38,-22,-16,-14,-19,-8,3800000,2000000,0
7/18/2021,1463135,24381,-35,-17,-6,-9,-10,-11,3800000,2000000,0
7/19/2021,1467142,24484,-24,-11,14,-13,-40,-1,3800000,2000000,0
7/20/2021,1470330,24585,-20,-7,33,-10,-41,0,4000000,2200000,0
7/21/2021,1473584,24689,-23,-11,10,-13,-40,0,4000000,2200000,0
7/22/2021,1477871,24791,-22,-10,14,-14,-40,0,4000000,2200000,0
7/23/2021,1481296,24898,-30,-18,-10,-17,-41,0,4000000,2200000,0
7/24/2021,1484672,25003,-33,-23,-17,-13,-18,-7,4000000,2200000,0
7/25/2021,1488078,25106,-29,-16,0,-6,-10,-11,4270379,2694832,0
7/26/2021,1490707,25207,-23,-11,19,-13,-39,0,4270379,2694832,0
7/27/2021,1493330,25305,-21,-9,29,-12,-39,0,4270379,2694832,0
7/28/2021,1495775,25398,-27,-17,-21,-16,-40,2,4270379,2694832,0
7/29/2021,1499131,25477,-22,-9,14,-13,-39,0,4270379,2694832,0
7/30/2021,1502612,25553,-29,-16,-8,-16,-40,1,4270379,2694832,0
7/31/2021,1506126,25626,-30,-20,-8,-9,-17,-8,4270379,2694832,0
8/1/2021,1508610,25704,-28,-15,-7,-6,-11,-10,4381085,3194373,0
8/2/2021,1511940,25779,-22,-11,11,-12,-40,0,4381085,3194373,0
8/3/2021,1513892,25850,-19,-8,19,-11,-40,0,4381085,3194373,0
8/4/2021,1516394,25926,-21,-12,4,-12,-40,0,4381085,3194373,0
8/5/2021,1519621,25994,-22,-13,-9,-13,-40,1,4381085,3194373,0
8/6/2021,1522204,26059,-30,-19,-31,-17,-41,2,4381085,3194373,0
8/7/2021,1524439,26126,-31,-22,-28,-13,-20,-6,4381085,3194373,0
8/8/2021,1527200,26189,-26,-14,-9,-5,-12,-10,4479278,3556053,0
8/9/2021,1529350,26248,-20,-10,29,-11,-40,-1,4479278,3556053,0
8/10/2021,1530989,26309,-20,-10,9,-11,-40,0,4479278,3556053,0
8/11/2021,1533065,26367,-26,-18,-31,-15,-41,2,4539902,3611289,0
8/12/2021,1535359,26423,-20,-9,-1,-13,-41,1,4539902,3611289,0
8/13/2021,1537888,26482,-24,-14,1,-13,-41,0,4539902,3611289,0
8/14/2021,1540205,26539,-28,-20,-8,-7,-20,-8,4539902,3611289,0
8/15/2021,1542159,26597,-23,-12,11,2,-12,-11,4539902,3611289,0
8/16/2021,1543648,26651,-19,-9,26,-8,-41,-1,4539902,3611289,0
8/17/2021,1545654,26707,-18,-8,32,-8,-41,0,4539902,3611289,0
8/18/2021,1547244,26766,-24,-14,-5,-12,-40,1,4539902,3611289,0
8/19/2021,1549386,26820,-19,-9,11,-11,-40,1,4539902,3611289,0
8/20/2021,1551311,26872,-23,-14,14,-11,-41,0,4539902,3611289,0
8/21/2021,1553163,26927,-28,-21,-22,-9,-21,-7,4539902,3611289,0
8/22/2021,1554824,26978,-22,-12,0,-1,-13,-10,4539902,3611289,0
8/23/2021,1556282,27031,-17,-8,19,-8,-39,0,4539902,3611289,0
8/24/2021,1557387,27087,-17,-8,13,-8,-39,1,4539902,3611289,0
8/25/2021,1558789,27139,-15,-7,12,-6,-39,1,4539902,3611289,0
8/26/2021,1560501,27193,-17,-9,-4,-8,-40,2,4539902,3611289,0
8/27/2021,1562010,27244,-20,-10,7,-9,-39,1,4539902,3611289,0
8/28/2021,1563508,27299,-21,-15,-5,-1,-19,-7,4539902,3611289,0
8/29/2021,1564952,27351,-15,-5,14,7,-12,-9,4539902,3611289,0
8/30/2021,1566376,27401,-11,-4,13,-3,-37,0,4539902,3611289,0
8/31/2021,1567538,27445,-5,6,36,2,-37,0,4539902,3611289,0
9/1/2021,1568767,27492,-13,-5,-14,-3,-40,1,4539902,3611289,0
9/2/2021,1570631,27543,-13,-2,-6,-2,-37,0,4539902,3611289,0
9/3/2021,1572264,27593,-22,-13,-31,-6,-37,1,4539902,3611289,0
9/4/2021,1573813,27648,-18,-11,-41,-6,-22,-3,4539902,3611289,0
9/5/2021,1575355,27696,-15,-3,-30,-1,-16,-5,4539902,3611289,0
9/6/2021,1576818,27742,-14,-4,-5,-2,-36,1,4539902,3611289,0
9/7/2021,1578005,27787,-16,-6,-13,-3,-36,1,4539902,3611289,0
9/8/2021,1579274,27835,-17,-6,-14,-4,-36,1,4539902,3611289,0
9/9/2021,1581075,27887,-16,-4,2,-3,-35,1,4539902,3611289,0
9/10/2021,1582641,27935,-19,-9,-11,-4,-35,0,4539902,3611289,0
9/11/2021,1584581,27981,-17,-13,4,3,-19,-6,4539902,3611289,0
9/12/2021,1586173,28023,-15,-6,16,7,-13,-8,4539902,3611289,0
9/13/2021,1588195,28064,-15,-5,13,-2,-35,0,5000000,3611289,118000
9/14/2021,1589804,28111,-16,-5,-6,-3,-35,1,5000000,3611289,118000
9/15/2021,1591642,28160,-16,-6,-13,-3,-35,1,5000000,3611289,118000
9/16/2021,1594121,28205,-15,-6,-11,-3,-36,2,5000000,3611289,118000
9/17/2021,1596658,28247,-16,-9,-11,-5,-39,3,5000000,3611289,118000
9/18/2021,1599404,28298,-17,-12,-20,-1,-19,-4,5000000,3611289,118000
9/19/2021,1601780,28347,-17,-8,-36,-2,-14,-5,5000000,3611289,118000
9/20/2021,1604249,28395,-21,-12,-33,-7,-33,4,5000000,3611289,118000
9/21/2021,1606175,28447,-18,-9,-26,-5,-32,3,5000000,3611289,118000
9/22/2021,1608166,28497,-17,-6,-21,-4,-29,3,5000000,3611289,118000
9/23/2021,1611611,28551,-17,-6,-14,-3,-29,3,5000000,3611289,118000
9/24/2021,1614504,28607,-17,-8,-15,-4,-29,2,5000000,3611289,118000
9/25/2021,1617715,28670,-19,-15,-43,-3,-18,-2,5000000,3611289,118000
9/26/2021,1620990,28729,-15,-6,-29,-1,-15,-3,5000000,3611289,118000
9/27/2021,1624377,28790,-17,-7,-13,-3,-26,3,5000000,3611289,118000
9/28/2021,1626918,28853,-15,-5,-1,-1,-25,2,5000000,3611289,118000
9/29/2021,1629922,28918,-16,-6,-3,-1,-25,2,5000000,3611289,118000
9/30/2021,1633920,28980,-15,-6,-10,-1,-25,2,5000000,3611289,118000
10/1/2021,1637913,29044,-16,-6,-16,-2,-26,2,5000000,3611289,118000
10/2/2021,1641945,29111,-16,-10,-22,1,-16,-3,5000000,3611289,118000
10/3/2021,1646239,29176,-11,-3,10,7,-13,-6,5000000,3611289,118000
10/4/2021,1650649,29242,-15,-4,3,-1,-25,2,5000000,3611289,118000
10/5/2021,1654476,29314,-14,-3,-4,-1,-26,3,5000000,3611289,118000
10/6/2021,1658065,29385,-13,-2,8,0,-25,2,5000000,3611289,118000
10/7/2021,1663469,29454,-13,-3,10,0,-25,2,5000000,3611289,118000
10/8/2021,1668064,29525,-15,-5,0,-2,-26,2,5000000,3611289,118000
10/9/2021,1674065,29595,-14,-8,-5,5,-15,-4,5000000,3611289,118000
10/10/2021,1678675,29667,-11,-2,16,8,-12,-6,5000000,3611289,118000
10/11/2021,1683677,29738,-15,-4,6,-1,-23,2,5000000,3611289,118000
10/12/2021,1688376,29808,-14,-3,8,0,-23,3,5000000,3611289,118000
10/13/2021,1692786,29880,-16,-4,-7,-2,-23,3,5000000,3611289,118000
10/14/2021,1699498,29951,-19,-8,-24,-4,-23,4,5000000,3611289,279000
10/15/2021,1706129,30021,-17,-6,-21,-4,-24,4,5000000,3611289,279000
10/16/2021,1712674,30093,-16,-9,-36,-1,-15,-1,5000000,3611289,279000
10/17/2021,1719414,30163,-13,-3,-19,2,-12,-2,5000000,3611289,279000
10/18/2021,1726237,30232,-18,-7,-18,-4,-22,4,5000000,3611289,279000
10/19/2021,1731937,30305,-17,-6,-19,-3,-22,4,5000000,3611289,279000
10/20/2021,1737784,30381,-17,-7,-25,-3,-23,4,5000000,3611289,279000
10/21/2021,1745681,30458,-16,-4,-12,-3,-22,4,5000000,3611289,279000
10/22/2021,1753847,30537,-17,-6,-20,-4,-23,4,5051629,3611289,279000
10/23/2021,1761650,30619,-14,-7,-35,0,-13,-1,5051629,3611289,279000
10/24/2021,1766929,30703,-15,-6,-42,-3,-12,-1,5051629,3611289,279000
10/25/2021,1774707,30786,-13,-5,-15,-4,-25,5,5051629,3611289,279000
10/26/2021,1780781,30872,-10,-3,-7,-1,-26,5,5051629,3611289,279000
10/27/2021,1786570,30963,-7,-1,-16,0,-27,4,5051629,3611289,279000
10/28/2021,1795010,31058,-38,-6,-18,-19,-42,12,5051629,3611289,279000
10/29/2021,1802521,31151,-42,-10,-19,-21,-44,12,5051629,3611289,279000
10/30/2021,1809788,31248,-43,-12,-12,-15,-28,2,5051629,3611289,279000
10/31/2021,1817391,31342,-43,-10,-5,-14,-24,0,5051629,3611289,279000
11/1/2021,1824494,31438,-41,-12,5,-24,-48,11,5051629,3611289,279000
11/2/2021,1830230,31536,-42,-13,-17,-27,-48,13,5051629,3611289,279000
11/3/2021,1837057,31631,-42,-10,-29,-26,-50,12,5051629,3611289,279000
11/4/2021,1843362,31728,-44,-12,7,-40,-76,18,5051629,4410000,279000
11/5/2021,1849769,31821,-54,-26,-33,-46,-76,21,5051629,4410000,279000
11/6/2021,1856649,31919,-51,-22,-37,-27,-34,3,5051629,4410000,279000
11/7/2021,1861624,32015,-47,-13,-23,-19,-23,1,5051629,4410000,279000
11/8/2021,1866606,32112,-21,-8,-29,-8,-22,5,5051629,4410000,279000
11/9/2021,1871893,32207,-20,-7,-28,-7,-22,5,5051629,4410000,279000
11/10/2021,1875820,32305,-21,-5,-27,-6,-22,5,5051629,4410000,279000
11/11/2021,1882060,32399,-39,-6,-53,-6,-22,5,5051629,4410000,279000
11/12/2021,1887243,32495,-39,-7,-57,-6,-22,6,5051629,4410000,279000
11/13/2021,1891428,32592,-34,-4,-63,0,-13,1,5051629,4410000,279000
11/14/2021,1895162,32687,-34,-1,-59,0,-10,0,5051629,4410000,279000
11/15/2021,1898951,32780,-38,-5,-52,-4,-20,5,5051629,4410000,279000
11/16/2021,1901557,32877,-28,-4,-41,-4,-21,5,5051629,4410000,279000
11/17/2021,1904523,32973,-29,-6,-42,-5,-21,5,5051629,4410000,279000
11/18/2021,1908585,33067,-29,-6,-41,-6,-21,5,5051629,4410000,279000
11/19/2021,1911956,33162,-29,-6,-45,-6,-21,6,5330506,4788247,750000
11/20/2021,1915195,33255,-28,-10,-64,-5,-14,2,5330506,4788247,750000
11/21/2021,1918633,33352,-24,-3,-50,-1,-11,0,5330506,4788247,750000
11/22/2021,1921419,33446,-30,-8,-44,-5,-20,6,5330506,4788247,750000
11/23/2021,1924168,33542,-29,-6,-41,-4,-21,5,5330506,4788247,750000
11/24/2021,1926701,33635,-30,-8,-44,-3,-21,5,5330506,4788247,750000
11/25/2021,1930050,33727,-28,-6,-43,-3,-21,5,5330506,4788247,750000
11/26/2021,1933979,33821,-28,-7,-46,-5,-22,6,5502513,4926308,750000
11/27/2021,1937409,33917,-26,-8,-60,-2,-12,2,5502513,4926308,750000
11/28/2021,1940495,34012,-25,-2,-49,0,-10,0,5502513,4926308,750000
11/29/2021,1943929,34105,-31,-8,-43,-4,-20,6,5502513,4926308,750000
11/30/2021,1946717,34202,-33,-12,-48,-4,-21,6,5502513,4926308,750000
12/1/2021,1949474,34296,-29,-6,-41,-1,-22,6,5502513,4926308,750000
12/2/2021,1953279,34388,-23,-6,-34,-3,-21,5,5502513,4926308,750000
12/3/2021,1956583,34483,-23,-7,-38,-5,-21,6,5637147,5072241,750000
12/4/2021,1959939,34576,-20,-7,-51,-3,-13,2,5637147,5072241,750000
12/5/2021,1963240,34668,-19,-2,-37,0,-10,0,5637147,5072241,750000
12/6/2021,1966374,34759,-23,-8,-36,-5,-20,6,5700000,5072241,680000
12/7/2021,1968947,34853,-24,-7,-32,-1,-20,6,5700000,5072241,680000
12/8/2021,1971951,34943,-20,-7,-34,-5,-19,5,5700000,5072241,680000
12/9/2021,1974899,35035,-20,-7,-31,-5,-18,5,5700000,5072241,680000
12/10/2021,1978376,35124,-21,-9,-39,-7,-19,6,5815552,5296362,680000
12/11/2021,1981516,35210,-19,-9,-54,-7,-8,2,5815552,5296362,680000
12/12/2021,1984378,35298,-16,-3,-36,-3,-5,0,5815552,5296362,680000
12/13/2021,1987272,35382,-19,-6,-25,-3,-17,5,5815552,5296362,680000
12/14/2021,1989248,35471,-18,-4,-16,0,-17,5,5815552,5296362,680000
12/15/2021,1991707,35558,-14,-3,-22,1,-18,4,5815552,5296362,680000
12/16/2021,1995029,35643,-15,-4,-24,-1,-17,4,5815552,5296362,680000
12/17/2021,1997784,35726,-17,-6,-28,-2,-18,5,5815552,5467395,680000
12/18/2021,2000067,35805,-13,-6,-39,2,-5,0,5815552,5467395,680000
12/19/2021,2003080,35886,-12,-1,-28,3,-2,-1,5815552,5467395,680000
12/20/2021,2005710,35964,-17,-7,-32,-1,-17,4,5815552,5467395,680000
12/21/2021,2007616,36044,-19,-9,-35,-4,-17,5,5815552,5467395,680000
12/22/2021,2009520,36125,-21,-12,-42,-7,-19,6,5815552,5467395,680000
12/23/2021,2012582,36202,-15,-5,-34,-4,-18,5,5815552,5467395,680000
12/24/2021,2014708,36277,-17,-9,-36,-4,-18,5,5815552,5467395,680000
12/25/2021,2017422,36349,-15,-8,-48,3,-4,1,5815552,5467395,680000
12/26/2021,2019602,36420,-12,-1,-41,2,0,0,5815552,5467395,680000
12/27/2021,2021841,36488,-10,-3,-26,-1,-23,5,5815552,5467395,680000
12/28/2021,2023546,36561,-6,3,-18,2,-25,4,5815552,5467395,680000
12/29/2021,2025344,36631,-5,6,-29,0,-29,4,5815552,5467395,680000
12/30/2021,2028005,36702,-1,20,-25,-5,-39,6,5815552,5467395,680000
12/31/2021,2030744,36771,-32,-3,-25,-40,-80,21,5900000,5467395,680000
1/1/2022,2033216,36838,-64,-60,-24,-42,-68,9,5900000,5467395,680000
1/2/2022,2035040,36907,-33,-31,-21,-20,-38,1,5900000,5467395,680000
1/3/2022,2036375,36977,-25,-27,6,-39,-79,17,5900000,5467395,680000
1/4/2022,2038342,37045,-24,-23,6,-37,-76,16,5900000,5467395,680000
1/5/2022,2040649,37116,-27,-24,-8,-36,-75,16,5900000,5467395,680000
1/6/2022,2043006,37183,-26,-19,6,-35,-74,16,5900000,5467395,680000
1/7/2022,2046700,37255,-36,-31,-7,-42,-79,20,5900000,5467395,680000
1/8/2022,2049772,37324,-33,-27,-39,-20,-26,3,5900000,5467395,680000
1/9/2022,2053046,37395,-29,-16,-37,-13,-8,2,5900000,5467395,680000
1/10/2022,2055824,37465,-28,-15,-37,-11,-20,6,5900000,5467395,680000
1/11/2022,2060459,37533,-28,-14,-40,-12,-20,7,5900000,5467395,680000
1/12/2022,2064467,37599,-29,-16,-45,-13,-19,7,5900000,5467395,680000
1/13/2022,2069957,37670,-28,-14,-42,-12,-20,7,5900000,5467395,680000
1/14/2022,2075669,37739,-28,-15,-41,-11,-20,7,5900000,5467395,680000
1/15/2022,2082224,37807,-25,-15,-49,-12,-13,3,5900000,5467395,680000
1/16/2022,2088704,37877,-25,-11,-38,-11,-9,2,5900000,5467395,680000
1/17/2022,2096233,37944,-27,-14,-35,-9,-20,6,5900000,5467395,680000
1/18/2022,2104575,38013,-28,-14,-31,-8,-22,7,5900000,5467395,680000
1/19/2022,2113370,38084,-26,-13,-28,-10,-24,7,5900000,5467395,680000
1/20/2022,2124927,38154,-26,-13,-35,-13,-25,8,5900000,5467395,680000
1/21/2022,2140914,38226,-28,-15,-39,-13,-27,9,5900000,5467395,680000
1/22/2022,2157008,38295,-27,-16,-45,-14,-15,4,5900000,5467395,680000
1/23/2022,2174536,38368,-28,-13,-38,-15,-11,3,5900000,5467395,680000
1/24/2022,2194045,38439,-29,-15,-37,-16,-29,10,5900000,5467395,680000
1/25/2022,2212980,38514,-28,-13,-36,-17,-32,11,5900000,5467395,680000
1/26/2022,2232836,38588,-29,-15,-36,-18,-33,11,6000000,5467395,1000000
1/27/2022,2259422,38660,-29,-15,-37,-20,-33,11,6000000,5467395,1000000
1/28/2022,2283416,38734,-32,-17,-43,-22,-34,12,6062844,5673588,1000000
1/29/2022,2309904,38810,-30,-18,-46,-18,-17,5,6062844,5673588,1000000
1/30/2022,2333934,38887,-30,-16,-40,-18,-12,3,6062844,5673588,1000000
1/31/2022,2357351,38962,-30,-16,-35,-18,-31,10,6062844,5673588,1000000
2/1/2022,2378884,39038,-29,-14,-32,-18,-32,11,6062844,5673588,1000000
2/2/2022,2402668,39116,-29,-14,-36,-19,-32,11,6062844,5673588,1000000
2/3/2022,2429572,39192,-28,-13,-32,-19,-31,11,6062844,5673588,1000000
2/4/2022,2454591,39271,-28,-13,-36,-19,-31,11,6149637,5756593,1000000
2/5/2022,2477035,39353,-25,-14,-44,-15,-17,4,6149637,5756593,1000000
2/6/2022,2495891,39434,-26,-13,-38,-14,-12,2,6149637,5756593,1000000
2/7/2022,2511333,39517,-27,-13,-31,-14,-27,8,6149637,5756593,1000000
2/8/2022,2524235,39602,-25,-12,-27,-12,-26,8,6149637,5756593,1000000
2/9/2022,2535756,39684,-24,-11,-26,-12,-26,8,6149637,5756593,1000000
2/10/2022,2558503,39768,-23,-10,-28,-11,-25,7,6149637,5756593,1000000
2/11/2022,2577044,39849,-23,-11,-33,-12,-24,7,6199585,5803415,1000000
2/12/2022,2591380,39934,-19,-12,-43,-8,-13,2,6199585,5803415,1000000
2/13/2022,2603876,40020,-20,-9,-35,-8,-9,0,6199585,5803415,1000000
2/14/2022,2613492,40102,-17,-7,-23,-7,-21,5,6199585,5803415,1000000
2/15/2022,2621652,40186,-20,-8,-18,-6,-21,5,6199585,5803415,1000000
2/16/2022,2632914,40273,-20,-9,-25,-7,-21,5,6199585,5803415,1000000
2/17/2022,2642619,40358,-22,-11,-29,-8,-20,6,6199585,5803415,1000000
2/18/2022,2650927,40444,-22,-12,-32,-8,-21,6,6199585,5803415,1000000
2/19/2022,2657801,40531,-22,-15,-54,-8,-11,1,6199585,5803415,1000000
2/20/2022,2664189,40615,-18,-8,-40,-5,-7,-1,6199585,5803415,1000000
2/21/2022,2669186,40698,-19,-10,-24,-6,-24,5,6199585,5803415,1000000
2/22/2022,2673436,40783,-12,-3,-18,-2,-25,4,6199585,5803415,1000000
2/23/2022,2679100,40866,-15,-10,-24,-33,-73,19,6199585,5803415,1000000
2/24/2022,2683830,40948,-25,-16,-30,-10,-26,6,6199585,5803415,1000000
2/25/2022,2687163,41032,-25,-14,-31,-10,-26,6,6199585,5803415,1000000
2/26/2022,2691110,41115,-24,-14,-46,-8,-10,1,6199585,5803415,1000000
2/27/2022,2694160,41196,-21,-8,-36,-6,-5,-1,6199585,5803415,1000000
2/28/2022,2696744,41276,-23,-10,-29,-6,-17,4,6199585,5803415,1000000
3/1/2022,2698810,41360,-21,-8,-23,-4,-18,3,6199585,5803415,1000000
3/2/2022,2701834,41441,-21,-6,-26,-4,-18,3,6199585,5803415,1000000
3/3/2022,2704517,41523,-19,-4,-26,-5,-18,3,6199585,5803415,1000000
3/4/2022,2706980,41602,-25,-11,-43,-9,-17,5,6199585,5803415,1000000
3/5/2022,2709040,41679,-23,-9,-56,18,132,-9,6199585,5803415,1000000
3/6/2022,2710941,41754,-15,-1,-37,2,-1,-4,6199585,5803415,1000000
